Income,Kidhome,Teenhome,Recency,MntWines,NumWebPurchases,Response
88055,2,1,16,588,12,1
40843,0,2,39,0,2,0
65338,1,0,18,431,13,1
47342,2,2,98,116,2,0
76079,1,2,5,503,14,1
39539,0,2,62,169,0,0
44449,2,0,51,147,3,0
55208,2,2,28,430,8,1
40962,0,2,51,167,4,0
76418,1,0,12,331,5,1
64003,1,2,23,644,11,1
34584,1,1,76,62,0,0
38034,0,0,54,59,0,0
60064,2,2,5,636,7,1
55837,2,2,26,458,8,1
42949,2,0,80,78,1,0
29736,0,0,56,140,2,0
27878,2,2,82,54,1,0
79625,2,0,17,597,8,1
79653,1,2,0,451,12,1
28171,0,1,52,57,1,0
35018,1,2,72,67,2,0
41995,1,2,86,104,2,0
70385,0,2,4,411,8,1
39877,0,1,57,122,0,0
64958,1,0,29,676,10,1
68039,1,2,11,478,10,1
40350,2,2,50,68,4,0
47196,0,2,49,38,1,0
38371,1,2,46,85,0,0
43147,2,1,61,0,4,0
62336,0,2,1,401,6,1
41494,0,0,53,132,4,0
94187,0,0,14,493,10,1
36055,1,1,55,99,3,0
29317,1,1,71,109,4,0
59608,0,2,18,388,13,1
33454,1,1,54,71,2,0
46502,1,1,68,123,0,0
42139,2,2,94,130,1,0
41385,2,0,39,54,4,0
30430,1,0,54,131,0,0
54651,1,2,45,91,3,0
42780,1,1,84,86,2,0
77026,0,0,10,485,13,1
62375,1,2,11,403,11,1
94048,1,0,2,473,14,1
26200,0,2,47,89,1,0
74827,1,2,21,509,6,1
64840,0,2,24,452,7,1
39427,2,2,85,81,0,0
68956,2,1,1,533,12,1
48430,0,1,65,166,1,0
63326,0,0,16,550,13,1
34559,1,1,83,42,0,0
66479,2,2,26,376,5,1
41466,1,1,83,105,1,0
45059,2,0,85,151,0,0
84678,2,2,7,453,11,1
47397,1,0,70,50,1,0
37091,0,2,98,78,0,0
42239,1,0,69,95,4,0
31018,2,0,80,139,2,0
53059,1,0,95,47,1,0
36919,0,1,44,72,1,0
43523,1,0,39,59,2,0
48730,0,0,31,134,0,0
60465,0,0,62,137,0,0
73857,1,0,8,482,9,1
44346,1,2,72,72,1,0
82019,0,1,18,399,5,1
83919,2,0,6,461,14,1
72177,2,1,22,518,8,1
83534,2,2,28,574,14,1
37258,2,0,38,71,2,0
37523,1,2,66,60,2,0
69800,1,2,6,429,13,1
75770,1,2,18,631,5,1
58081,0,0,12,647,8,1
81765,0,0,3,542,14,1
69327,1,1,17,453,8,1
59115,0,0,3,629,13,1
31351,2,1,92,151,0,0
58359,1,2,4,537,5,1
51138,1,0,6,451,10,1
42079,0,0,96,108,1,0
33116,2,2,3,569,8,1
52246,0,0,79,189,4,0
78727,0,2,7,578,5,1
66199,2,1,28,463,6,1
44761,2,2,97,70,0,0
40608,1,0,61,117,0,0
87256,1,0,20,599,13,1
49888,1,1,62,138,0,0
70920,2,0,29,527,6,1
52409,0,1,35,41,1,0
81784,0,2,27,440,13,1
76091,1,2,1,495,10,1
42213,0,0,77,120,3,0
55662,0,1,18,514,12,1
70118,0,1,15,481,14,1
34241,0,2,45,4,0,0
45703,2,0,37,75,3,0
74664,1,2,9,501,13,1
29041,2,1,38,21,2,0
52380,2,1,88,111,0,0
73989,0,2,3,543,13,1
32821,1,1,42,120,0,0
37378,1,2,34,69,4,0
67765,2,1,25,465,14,1
63816,2,1,1,316,13,1
35260,2,2,79,75,4,0
92098,1,2,1,574,12,1
68154,2,2,12,387,12,1
44311,0,0,96,156,2,0
58854,2,0,26,395,6,1
43973,2,0,70,84,3,0
50443,1,1,94,114,4,0
31261,0,1,76,199,4,0
58727,0,2,24,399,7,1
65108,1,2,6,508,8,1
31479,0,0,31,179,1,0
61059,2,2,57,144,4,0
71514,1,2,9,628,7,1
41001,2,1,30,81,4,0
89836,0,1,6,537,12,1
90598,0,2,19,491,11,1
49507,0,1,71,4,3,0
34374,0,2,80,70,1,0
43017,2,2,43,58,2,0
58483,2,2,29,467,7,1
51769,1,1,44,172,1,0
79468,1,2,3,479,9,1
71802,1,1,11,533,13,1
39473,1,0,51,106,3,0
53028,1,2,73,133,0,0
32929,2,0,43,30,0,0
95299,2,0,2,489,7,1
37100,2,1,74,98,2,0
72023,2,1,26,446,14,1
85050,2,2,0,545,10,1
34115,1,2,93,110,3,0
81799,1,0,7,597,12,1
59824,1,0,10,532,14,1
62439,2,2,8,337,6,1
39498,0,1,51,26,1,0
73362,0,1,28,202,13,1
63832,2,1,0,489,11,1
61225,0,2,28,435,12,1
51530,0,2,58,119,0,0
70210,1,1,0,420,11,1
46148,1,1,8,396,14,1
27328,1,1,52,139,1,0
80567,1,0,18,425,12,1
39847,2,0,74,55,0,0
74988,2,1,14,412,7,1
38212,2,1,31,121,2,0
68063,1,0,9,435,5,1
81910,1,1,23,500,10,1
84652,0,1,9,550,10,1
78900,1,1,0,577,14,1
78981,2,2,29,411,13,1
36200,2,0,99,129,2,0
36704,2,2,43,119,0,0
64218,0,2,2,461,13,1
49572,2,2,71,33,1,0
48028,2,0,31,54,2,0
62382,0,1,18,503,5,1
72088,0,0,11,588,5,1
39471,0,2,38,0,0,0
66195,2,1,13,331,5,1
62065,0,2,1,542,6,1
61199,1,0,10,608,9,1
40976,0,0,50,109,4,0
67240,0,1,23,645,7,1
34456,0,0,37,92,1,0
65263,0,0,10,425,8,1
53726,1,0,9,462,11,1
40379,2,0,96,99,4,0
58480,2,0,12,506,10,1
41711,0,2,78,91,3,0
76072,2,0,26,483,5,1
56784,2,1,15,388,7,1
79758,2,1,7,552,10,1
44694,2,0,60,80,4,0
37882,1,0,95,103,2,0
41712,2,1,53,68,2,0
66548,1,1,9,523,6,1
37785,0,1,93,79,1,0
73240,1,0,6,596,6,1
29763,0,0,39,55,2,0
36134,0,0,42,138,2,0
80500,2,0,19,468,6,1
64631,0,2,39,109,2,0
40960,2,2,56,221,0,0
75430,0,0,13,419,6,1
40781,1,1,81,181,3,0
69511,1,2,19,420,8,1
43939,2,2,71,124,1,0
50135,0,1,58,104,3,0
45070,0,0,37,154,0,0
75587,2,2,24,325,11,1
49084,1,0,47,192,0,0
76024,1,0,13,497,9,1
82239,2,0,21,492,5,1
40956,1,2,98,132,4,0
72775,2,1,27,579,9,1
60030,0,2,21,723,9,1
31935,0,1,62,70,2,0
63740,1,1,7,611,13,1
62756,0,1,27,564,11,1
85391,2,1,8,460,14,1
32634,2,0,54,73,2,0
81546,1,0,25,471,12,1
40226,2,0,53,72,3,0
38242,1,2,51,95,4,0
39892,1,1,41,41,1,0
42658,1,2,30,186,3,0
80108,0,1,1,618,10,1
81214,0,0,7,492,8,1
44237,1,1,69,103,2,0
73377,0,1,7,375,11,1
44884,0,2,79,96,3,0
81361,1,0,20,611,11,1
43647,0,0,33,111,1,0
31718,0,0,84,80,3,0
30153,0,0,69,177,2,0
60717,2,0,9,521,13,1
43490,0,0,44,92,2,0
35761,0,2,49,138,1,0
41448,0,0,57,199,1,0
95605,0,0,29,428,11,1
63270,2,0,5,523,5,1
27845,0,0,68,106,1,0
55014,2,0,79,80,2,0
38618,0,1,74,79,1,0
25033,1,2,48,133,1,0
69976,0,2,10,613,9,1
53937,2,0,20,837,14,1
43771,0,2,30,36,3,0
61320,1,0,20,609,8,1
47117,1,1,93,131,0,0
87531,1,1,15,462,5,1
66578,0,0,11,407,8,1
50457,2,1,72,11,1,0
39287,1,0,66,160,0,0
33968,0,2,52,156,0,0
34827,1,0,37,37,1,0
35753,2,1,52,141,4,0
81037,0,0,4,632,5,1
43055,0,0,95,123,2,0
42573,1,0,41,0,1,0
46617,1,2,49,61,2,0
45861,0,2,84,118,3,0
71061,0,1,0,452,12,1
68253,1,0,11,650,10,1
58469,1,2,15,409,10,1
52759,2,1,7,510,5,1
60689,0,2,28,552,8,1
65563,2,2,18,602,14,1
61465,0,1,19,486,7,1
73461,0,2,3,418,6,1
51628,0,2,89,121,0,0
52006,0,0,55,59,1,0
36445,2,2,74,96,0,0
59452,1,0,9,666,13,1
84950,2,2,18,567,12,1
62751,0,1,16,349,14,1
98652,2,1,21,456,5,1
48956,2,0,58,120,0,0
73246,2,1,15,660,6,1
49381,1,1,47,119,4,0
83111,1,2,20,627,11,1
30311,1,2,97,205,0,0
38883,0,2,83,45,3,0
44902,1,2,78,133,4,0
69441,1,0,18,369,12,1
30855,2,0,97,50,1,0
45201,1,1,30,112,2,0
49268,1,1,76,151,4,0
56878,1,2,20,639,13,1
51520,2,2,39,121,2,0
21584,2,1,71,87,3,0
41331,2,2,98,102,4,0
35430,1,1,58,42,2,0
75880,2,1,3,444,14,1
35186,0,0,75,199,3,0
60121,1,1,20,611,8,1
47772,1,1,71,101,1,0
39598,0,1,65,68,0,0
85929,1,1,23,543,6,1
72838,1,1,19,342,13,1
41092,0,0,33,99,2,0
73690,0,1,15,407,8,1
74048,2,2,21,429,13,1
83643,2,2,1,683,11,1
43673,2,0,77,93,2,0
71652,2,1,18,282,14,1
97219,0,1,5,357,9,1
40041,2,2,75,168,0,0
45740,1,1,44,70,1,0
22772,0,2,63,90,3,0
52517,1,2,59,70,4,0
73653,2,1,12,689,9,1
81935,0,0,7,512,6,1
43771,0,1,87,83,4,0
52858,0,1,73,98,1,0
87984,1,2,11,757,7,1
62505,0,1,16,524,5,1
31951,2,1,55,167,0,0
40606,2,2,83,151,1,0
56107,1,1,92,39,2,0
54791,2,0,63,90,0,0
65445,2,0,4,333,9,1
67747,2,2,0,606,5,1
55288,1,0,10,513,10,1
51532,0,1,98,94,2,0
79531,0,2,3,440,12,1
66327,1,1,18,518,13,1
80725,1,2,4,605,8,1
39213,1,0,38,117,1,0
50172,2,2,47,107,4,0
77297,0,1,18,497,12,1
65666,0,2,20,472,13,1
60778,1,0,22,450,13,1
45071,1,0,8,495,6,1
46819,2,2,91,126,2,0
93674,1,0,21,662,14,1
67003,0,2,21,435,9,1
74642,1,2,19,522,13,1
49194,2,0,88,85,3,0
39486,2,2,78,24,0,0
69484,0,0,11,509,10,1
59227,1,0,55,65,1,0
56706,0,0,90,155,3,0
83601,0,0,16,203,5,1
77820,0,2,15,398,11,1
44634,1,0,85,54,0,0
68901,2,0,29,503,6,1
52010,0,2,78,175,4,0
59199,2,0,14,591,5,1
35944,0,2,55,106,0,0
31680,1,1,30,0,4,0
62987,1,0,19,560,5,1
36539,2,2,73,201,1,0
45186,2,2,59,19,3,0
81277,1,2,16,456,14,1
48300,1,2,47,94,3,0
63305,1,1,19,413,7,1
31002,0,0,65,84,1,0
34627,2,2,87,56,2,0
67864,2,0,19,623,12,1
42060,0,0,86,62,0,0
71633,0,1,6,493,7,1
60749,1,2,17,559,11,1
42593,1,0,36,107,0,0
68394,0,1,25,495,7,1
39604,2,2,93,72,0,0
79459,2,1,2,473,9,1
25584,0,1,82,67,3,0
75647,1,2,24,632,13,1
59366,1,2,18,305,8,1
69415,2,1,5,447,14,1
45773,0,2,31,102,1,0
33773,2,2,78,115,4,0
26712,0,2,77,80,0,0
55254,0,2,17,432,11,1
28120,2,2,69,143,4,0
60019,2,1,19,567,11,1
49286,2,0,12,647,11,1
37844,2,0,91,182,4,0
49609,0,1,84,112,1,0
73859,2,0,26,473,14,1
89333,1,2,23,379,11,1
42891,0,1,47,62,0,0
56527,2,2,25,415,13,1
57684,1,1,49,59,2,0
52346,1,0,3,484,6,1
33286,1,0,50,0,2,0
60746,1,2,29,649,5,1
49012,0,0,84,55,3,0
73865,2,0,5,683,13,1
41173,0,0,38,100,4,0
48646,2,0,66,92,3,0
38382,2,0,48,2,4,0
67356,2,2,24,590,13,1
69877,2,1,1,382,9,1
45970,1,2,94,104,2,0
46956,0,1,80,55,0,0
32091,0,0,44,163,0,0
62040,1,2,28,516,11,1
62492,1,2,8,518,9,1
58327,2,2,48,83,3,0
83281,0,0,16,372,5,1
66410,0,0,20,547,6,1
42924,1,1,23,443,12,1
42615,0,2,66,113,1,0
42700,2,1,55,72,3,0
31439,1,2,45,83,4,0
64710,2,0,8,657,12,1
39734,0,2,47,175,3,0
63026,0,0,6,344,7,1
88167,1,1,21,564,13,1
70540,2,1,22,828,12,1
73332,1,0,17,465,8,1
69585,0,2,9,478,9,1
46328,2,1,45,105,0,0
61901,0,2,10,560,10,1
32843,0,1,76,51,2,0
79049,1,2,5,459,11,1
67506,2,0,26,500,9,1
46508,1,0,71,85,4,0
81062,0,0,9,463,12,1
34787,0,0,34,113,4,0
33088,2,2,41,106,2,0
35092,0,0,44,122,1,0
42394,2,1,96,87,4,0
39787,1,0,82,64,3,0
62800,2,2,13,514,5,1
45692,2,0,41,168,1,0
36117,0,0,97,62,2,0
71396,0,1,22,492,10,1
39927,0,2,55,148,1,0
37210,2,2,75,130,2,0
45602,2,1,80,86,2,0
41753,2,2,92,111,2,0
36170,0,1,32,114,1,0
39555,2,1,32,120,4,0
20226,0,2,54,45,0,0
28621,2,1,96,110,0,0
58714,0,2,25,450,12,1
55009,1,0,72,66,0,0
68276,1,1,9,614,6,1
35189,2,2,67,132,0,0
35540,1,2,36,57,3,0
30049,0,1,35,134,1,0
37468,0,2,62,156,1,0
73994,2,1,19,176,6,1
78331,2,1,28,480,8,1
35558,1,2,96,140,2,0
52399,0,1,53,154,3,0
80947,0,2,0,481,9,1
79668,1,2,9,529,13,1
49666,2,1,39,0,3,0
78515,0,2,20,538,7,1
41792,0,0,36,134,2,0
60206,2,0,20,400,12,1
88892,0,1,18,453,6,1
37666,0,0,92,145,2,0
78179,2,1,26,453,9,1
64620,0,0,15,492,12,1
27388,2,2,86,108,1,0
64893,2,2,5,507,11,1
48580,1,0,80,83,4,0
27794,2,1,92,63,4,0
43859,1,1,56,118,2,0
38046,2,1,50,86,3,0
33225,2,2,58,128,2,0
56485,0,0,48,56,2,0
32883,1,2,95,93,4,0
48319,0,0,80,98,1,0
55717,0,0,68,91,2,0
37591,0,2,59,43,3,0
42630,1,1,86,102,3,0
39436,0,0,89,114,0,0
55044,1,2,14,609,5,1
44848,2,0,80,78,3,0
50227,1,2,99,144,2,0
52688,2,2,72,109,1,0
80581,2,2,5,469,10,1
44927,0,1,42,79,1,0
73596,2,0,23,608,10,1
61233,0,1,12,498,11,1
34338,2,1,83,70,4,0
85427,2,1,20,498,6,1
75327,1,0,5,361,10,1
55148,0,0,23,516,6,1
81328,1,1,15,404,13,1
34612,2,0,41,46,1,0
36328,0,2,72,0,2,0
66890,1,0,29,474,7,1
42375,1,1,45,95,3,0
61320,0,2,19,456,5,1
52193,2,1,14,396,12,1
89186,1,0,28,582,13,1
65966,2,1,26,503,7,1
87754,1,0,5,445,13,1
70998,0,1,17,557,13,1
32644,1,0,31,146,3,0
62670,1,2,3,552,9,1
32650,1,2,46,58,2,0
55237,2,2,7,549,7,1
83448,0,0,9,430,13,1
49276,1,0,0,386,5,1
57458,0,0,4,568,6,1
35097,1,2,62,76,2,0
42077,1,2,80,101,4,0
39553,1,0,23,507,9,1
30533,1,0,58,88,1,0
58502,1,2,19,636,13,1
74423,2,2,8,360,14,1
45234,1,1,60,62,4,0
41946,2,0,55,5,0,0
68794,2,0,21,522,11,1
25061,1,2,41,111,3,0
52223,0,2,0,711,9,1
91245,1,2,8,441,14,1
30193,0,2,89,61,0,0
72434,1,2,0,428,7,1
28415,1,0,48,102,1,0
70893,2,2,19,553,6,1
42729,1,2,39,9,1,0
36735,0,2,89,59,2,0
70121,0,0,6,485,5,1
51575,1,2,42,192,2,0
74441,1,2,22,451,12,1
44558,0,1,82,97,1,0
40384,0,2,86,148,1,0
57320,0,2,78,125,2,0
81273,0,0,9,424,11,1
49305,0,2,62,42,2,0
35528,0,2,67,36,3,0
64025,0,0,27,378,12,1
59642,0,2,95,96,4,0
29987,0,2,72,63,3,0
65865,1,0,18,627,7,1
72351,0,1,2,444,11,1
75740,0,0,3,596,6,1
69948,2,2,19,481,13,1
61241,1,0,16,471,5,1
66348,0,1,17,528,14,1
47984,2,2,45,125,3,0
39951,1,2,71,73,1,0
86370,1,0,6,500,8,1
38036,0,1,63,104,4,0
58190,0,1,2,381,5,1
43157,2,1,98,128,1,0
73602,2,1,15,381,11,1
49603,2,2,71,100,1,0
47711,0,1,68,103,2,0
76353,2,2,21,439,10,1
77492,2,0,7,337,12,1
40100,2,2,79,39,1,0
76636,2,0,11,338,11,1
42675,1,0,89,19,0,0
38600,2,2,82,102,4,0
51802,2,1,46,61,3,0
67745,2,1,21,483,11,1
71697,1,2,28,455,6,1
46083,2,1,52,41,4,0
69903,2,0,12,479,14,1
60903,0,0,9,372,5,1
32995,1,0,44,67,0,0
50367,2,0,29,404,5,1
44567,1,2,49,81,1,0
83137,1,2,3,528,13,1
32622,0,2,69,84,4,0
31378,2,0,44,146,2,0
36790,2,0,86,84,2,0
36677,2,1,89,101,0,0
72880,2,1,22,469,12,1
68528,0,0,15,403,6,1
76332,1,1,23,454,5,1
45063,2,2,33,149,1,0
38860,2,0,59,100,3,0
86079,1,0,2,504,7,1
61761,2,0,2,519,11,1
47485,2,0,49,73,0,0
41354,1,1,52,65,2,0
70017,1,2,4,487,6,1
49274,0,0,42,130,4,0
46139,0,2,36,81,1,0
56102,1,0,13,437,12,1
40390,0,2,42,122,2,0
51907,0,2,8,524,6,1
34012,1,0,87,26,0,0
49968,0,0,38,86,1,0
38505,1,0,90,107,3,0
38429,0,0,78,123,2,0
30856,2,1,51,91,1,0
30097,0,1,42,95,4,0
41731,2,1,83,105,0,0
64210,1,2,22,529,12,1
78055,2,0,20,609,6,1
42368,2,0,51,58,0,0
71242,1,0,18,509,14,1
66665,1,0,26,564,8,1
67621,1,1,10,619,9,1
31115,0,1,98,0,3,0
51614,2,2,25,643,8,1
78102,1,0,5,546,14,1
70088,0,0,15,455,11,1
67100,0,2,3,357,10,1
34744,1,1,98,59,4,0
38616,0,0,80,156,3,0
38709,0,0,97,140,0,0
76036,1,1,24,524,6,1
43018,1,2,73,172,2,0
88710,1,1,15,370,11,1
43892,2,1,61,114,1,0
37923,0,1,48,102,2,0
35818,1,2,52,76,2,0
40514,1,1,61,50,0,0
67344,2,0,23,431,10,1
50539,0,2,90,149,2,0
68886,1,0,8,363,6,1
34182,2,0,36,176,0,0
50354,1,1,25,443,11,1
67879,1,1,24,483,9,1
58820,1,0,2,512,10,1
56799,2,2,19,556,14,1
39101,1,2,38,118,0,0
75198,1,0,29,582,13,1
40415,1,0,78,136,4,0
44873,2,2,47,93,4,0
80309,2,2,0,674,7,1
57464,2,2,6,596,8,1
34696,2,2,48,126,0,0
47632,0,2,67,94,4,0
41935,2,2,83,60,2,0
71830,2,1,29,500,8,1
38008,0,0,59,37,0,0
59031,1,1,27,556,11,1
80306,0,0,27,543,14,1
55686,1,2,14,379,6,1
86656,0,0,2,548,14,1
40586,0,1,30,116,3,0
41536,1,2,73,29,1,0
61924,1,1,20,348,5,1
33352,0,0,55,147,0,0
32169,0,0,52,120,4,0
71443,2,1,24,618,8,1
68279,2,2,16,473,5,1
65419,1,1,27,632,9,1
71664,1,1,16,501,8,1
40794,0,1,47,124,2,0
73990,2,1,11,403,11,1
38247,2,2,55,151,0,0
68219,0,0,16,209,10,1
24014,0,1,36,19,3,0
60176,1,1,8,460,7,1
49906,0,1,48,174,4,0
72408,2,2,23,734,9,1
67848,1,0,9,552,10,1
39282,0,2,31,126,3,0
37437,2,2,92,55,3,0
62925,2,1,19,551,5,1
42581,0,1,93,111,0,0
42048,0,1,46,121,4,0
74090,1,0,19,391,13,1
75206,0,0,25,457,11,1
46197,1,2,49,149,3,0
61140,0,1,9,475,6,1
73726,2,0,7,537,12,1
71911,1,2,14,562,5,1
76213,0,1,26,517,9,1
31817,0,1,93,161,0,0
59407,2,1,3,636,5,1
28553,1,0,51,77,3,0
69173,2,0,9,434,6,1
48523,2,1,67,88,1,0
62040,0,2,1,433,13,1
70974,1,0,20,505,12,1
39143,0,2,86,187,0,0
34402,2,0,80,114,1,0
70397,1,1,14,383,7,1
78157,1,1,26,440,9,1
35204,0,1,90,57,3,0
80022,2,1,15,474,10,1
87509,2,1,11,593,14,1
70440,1,1,23,567,7,1
84697,1,1,13,688,8,1
37526,2,0,65,157,0,0
69268,1,2,2,490,10,1
43946,1,2,32,148,4,0
64909,2,1,22,392,13,1
42992,1,2,47,138,2,0
56081,2,1,91,202,4,0
76865,0,1,3,485,14,1
50625,2,1,52,23,3,0
77762,0,0,12,459,13,1
50908,0,2,12,457,13,1
74115,2,0,8,287,13,1
39499,0,2,98,0,1,0
44238,0,1,42,106,4,0
71580,0,1,4,407,11,1
30322,0,0,86,0,0,0
70321,1,2,15,503,7,1
62451,2,0,20,561,8,1
22776,2,2,42,141,1,0
62243,0,1,1,487,11,1
66084,2,0,20,660,11,1
49525,1,1,66,60,4,0
79625,2,1,0,559,12,1
60710,2,0,16,442,14,1
67095,0,1,2,462,7,1
62250,1,1,16,490,14,1
72054,0,2,9,610,12,1
86672,1,1,28,404,10,1
25310,0,2,65,147,2,0
40592,0,1,81,79,2,0
48931,1,0,9,493,12,1
41491,0,1,46,96,1,0
60756,0,2,18,634,8,1
39404,2,1,90,66,0,0
62403,2,2,25,430,13,1
33434,2,0,66,122,1,0
42247,1,2,82,73,3,0
56977,1,0,30,75,0,0
69587,2,2,16,505,10,1
79677,2,0,1,593,13,1
31173,0,0,76,119,0,0
44141,0,0,54,43,4,0
34384,2,2,98,73,4,0
47580,2,1,27,611,9,1
34578,2,2,64,104,1,0
67521,1,2,14,597,6,1
41667,2,1,90,3,0,0
38288,2,1,49,114,1,0
33224,2,1,95,126,1,0
42478,1,1,39,43,2,0
65642,1,1,0,686,6,1
82288,0,1,11,308,10,1
40282,0,1,57,31,1,0
43797,0,1,83,39,1,0
42260,0,2,85,148,1,0
43790,0,0,39,115,3,0
64726,0,2,26,410,13,1
85027,2,0,29,611,8,1
54018,0,0,34,84,2,0
68103,2,1,26,550,13,1
96669,0,0,14,506,6,1
34705,2,1,83,149,1,0
77147,2,2,13,529,7,1
39702,1,2,92,56,0,0
69587,2,2,22,584,11,1
28677,1,0,63,77,1,0
40168,0,2,88,62,1,0
57138,0,2,70,82,1,0
76419,2,2,4,527,13,1
54166,2,1,88,164,2,0
47596,2,0,52,68,2,0
39523,1,0,96,14,3,0
53617,1,0,47,76,4,0
83106,0,1,1,649,6,1
43082,0,1,47,147,1,0
88463,2,1,1,447,11,1
71419,1,1,3,474,5,1
88338,1,2,27,447,6,1
61761,1,1,94,152,3,0
66871,0,2,2,415,7,1
33422,2,1,52,45,3,0
42771,2,0,75,118,0,0
74400,2,1,13,387,12,1
35107,1,2,35,96,1,0
65521,2,0,6,490,7,1
39737,0,2,59,216,0,0
38976,1,0,64,127,3,0
69879,1,2,8,524,8,1
33613,1,0,85,148,3,0
60813,1,0,65,94,4,0
69162,0,0,15,529,11,1
35168,0,0,92,67,2,0
50650,2,0,29,509,10,1
70738,0,1,3,686,5,1
35001,1,1,63,143,1,0
71218,0,1,2,491,10,1
70125,2,0,8,494,5,1
69366,1,1,23,413,12,1
75724,2,0,18,205,5,1
67021,2,0,28,429,9,1
43436,0,0,32,83,0,0
72812,1,0,13,496,14,1
35771,1,2,46,130,0,0
34773,0,2,54,0,2,0
37745,0,1,79,31,4,0
53067,1,2,55,114,3,0
74279,0,1,8,469,11,1
32083,0,1,74,82,2,0
28740,2,1,65,31,3,0
40558,1,0,68,131,2,0
56776,0,2,3,473,12,1
87279,1,2,0,444,7,1
40473,1,1,35,170,4,0
47159,1,1,40,55,1,0
47874,2,1,98,102,0,0
73327,0,1,27,518,5,1
61614,1,0,22,479,12,1
62274,0,2,9,430,7,1
83992,0,1,4,576,9,1
73537,1,0,26,670,13,1
36381,2,0,35,109,1,0
45357,1,2,62,80,0,0
45806,1,1,57,87,1,0
33720,1,0,94,94,0,0
69884,2,1,16,388,11,1
61508,0,0,20,369,13,1
34805,1,0,53,143,2,0
81381,0,0,16,650,5,1
84355,1,1,10,638,11,1
38375,2,0,74,127,3,0
61753,1,1,9,453,12,1
67095,1,1,23,500,6,1
31804,2,2,87,169,1,0
32227,1,2,57,45,1,0
76308,1,2,24,591,9,1
70550,1,0,14,612,7,1
38720,2,0,59,94,0,0
36049,2,0,48,66,0,0
44120,0,2,74,154,2,0
30996,0,0,74,118,2,0
81870,0,0,19,416,7,1
76868,1,1,14,526,6,1
48192,0,1,35,122,1,0
47712,2,2,57,67,0,0
80302,0,1,21,501,11,1
62576,1,2,21,641,12,1
37526,0,2,93,129,4,0
64162,2,0,18,401,7,1
36482,1,2,61,114,2,0
83680,2,1,16,577,5,1
56603,2,2,52,81,3,0
70829,0,0,25,513,6,1
45436,0,1,46,81,4,0
63391,1,0,17,445,13,1
76951,0,2,1,627,5,1
63433,1,1,22,524,12,1
42470,2,2,74,117,2,0
33570,0,0,67,100,3,0
43816,0,0,76,133,1,0
78495,0,2,6,571,13,1
28285,2,0,51,140,3,0
48869,2,0,69,80,2,0
42085,0,0,79,183,0,0
54038,1,2,60,91,4,0
45163,2,0,62,86,2,0
34839,0,2,45,127,2,0
73014,0,1,4,585,10,1
64953,1,0,17,534,10,1
76007,1,0,26,517,14,1
63973,1,2,8,433,8,1
70838,2,1,8,524,8,1
65159,1,1,22,597,13,1
65853,2,0,7,631,6,1
29757,2,0,94,103,3,0
33676,1,2,54,97,4,0
62687,2,2,25,413,7,1
39842,0,2,46,153,1,0
76604,2,2,20,467,5,1
43193,1,0,31,136,4,0
58222,0,1,13,402,9,1
78642,2,2,5,533,8,1
64086,1,0,13,422,10,1
69256,1,0,3,372,10,1
41477,1,0,74,43,3,0
36917,2,2,33,122,4,0
44708,0,0,71,80,4,0
72691,0,0,27,544,5,1
57141,1,1,17,382,6,1
66818,1,1,7,597,10,1
50772,0,1,29,471,8,1
42035,1,0,82,106,1,0
39722,0,1,33,84,2,0
41572,1,2,45,83,2,0
37841,2,2,86,24,4,0
48799,2,1,13,490,13,1
40768,1,1,56,121,2,0
67958,1,0,18,383,14,1
76746,0,0,25,438,8,1
64447,1,1,9,653,10,1
43072,2,2,36,131,3,0
40388,1,0,89,25,0,0
40696,1,2,63,146,2,0
57750,2,1,28,501,6,1
45569,1,1,48,180,3,0
34699,0,1,57,76,0,0
25913,1,0,72,77,0,0
71222,2,0,24,608,5,1
52336,1,1,72,158,3,0
60586,0,0,74,92,4,0
73888,1,1,11,547,13,1
63454,0,1,0,520,7,1
33286,1,1,84,69,0,0
73319,1,2,15,394,14,1
26460,2,2,32,53,2,0
74919,2,2,5,427,11,1
63777,0,1,5,403,5,1
70599,2,0,9,695,10,1
27148,0,0,41,38,2,0
77320,1,1,21,507,8,1
43965,0,1,45,73,1,0
59409,2,1,13,529,7,1
37927,1,2,62,67,0,0
26372,0,1,47,32,0,0
86728,2,0,18,358,14,1
49505,2,2,6,512,12,1
33341,2,2,94,100,3,0
49192,2,2,1,507,14,1
46576,1,1,56,185,0,0
47804,0,0,56,123,1,0
39555,2,1,50,0,4,0
45108,0,0,56,109,1,0
60980,0,2,4,546,6,1
25895,0,2,58,168,0,0
78264,1,1,4,580,13,1
41580,0,0,43,108,1,0
35582,0,0,33,124,1,0
36128,0,0,89,171,2,0
42748,2,2,66,117,3,0
39544,2,0,88,118,1,0
47544,2,2,9,600,11,1
72100,0,2,0,596,14,1
93692,2,0,3,477,5,1
37401,0,2,80,84,2,0
38735,2,0,48,98,0,0
36894,0,0,94,65,0,0
65930,0,0,14,474,14,1
67661,0,0,19,496,12,1
38010,0,1,97,61,2,0
40887,2,1,88,101,3,0
58225,2,2,13,581,11,1
40654,1,0,50,102,1,0
81126,1,1,7,463,6,1
41592,1,1,98,135,2,0
63568,2,0,7,531,14,1
45779,0,2,87,112,3,0
53112,1,1,67,129,2,0
64502,2,1,21,557,12,1
44580,0,2,63,112,2,0
69426,2,1,12,568,5,1
52261,1,0,36,143,1,0
43049,0,1,36,26,4,0
68435,2,0,20,454,12,1
74920,2,2,29,615,12,1
65716,0,1,12,342,10,1
78117,1,1,4,577,11,1
63691,2,0,18,510,12,1
41203,1,0,49,129,1,0
72474,0,2,28,606,12,1
37558,1,1,36,79,4,0
76675,2,2,18,462,12,1
42458,1,2,85,133,1,0
44462,1,1,87,107,4,0
45666,1,0,81,153,3,0
33659,1,2,61,76,0,0
46883,1,0,96,104,1,0
45062,1,0,74,101,0,0
86389,1,0,5,333,6,1
77663,0,1,14,532,8,1
41189,1,2,57,78,4,0
71785,1,1,7,491,14,1
90642,0,2,18,622,6,1
42487,0,1,59,153,0,0
77445,1,2,20,611,6,1
30499,1,0,82,208,2,0
38292,1,0,64,3,4,0
69403,0,1,15,434,10,1
77043,2,0,12,503,11,1
27974,2,1,52,174,0,0
81711,1,1,27,466,9,1
54773,2,2,82,216,4,0
38327,1,1,98,103,2,0
39806,1,0,99,85,3,0
69421,0,2,11,475,8,1
52842,2,1,2,630,6,1
53421,0,0,90,110,2,0
58458,1,2,22,363,12,1
39565,1,1,30,27,4,0
30829,0,1,31,112,1,0
38474,1,2,87,141,0,0
97103,1,2,15,461,7,1
73104,1,1,22,650,5,1
48050,0,0,35,95,3,0
51812,0,2,31,122,1,0
66375,2,1,11,415,8,1
69679,1,2,17,533,6,1
65810,2,1,27,478,10,1
52058,2,0,3,518,5,1
50826,1,2,12,534,8,1
35871,2,1,99,52,4,0
46671,0,2,88,126,2,0
66138,2,2,0,418,12,1
70230,0,2,13,431,13,1
39438,0,2,34,140,1,0
61657,0,0,23,538,13,1
78552,0,2,4,531,9,1
55929,0,0,5,550,8,1
39698,2,0,99,87,0,0
36301,0,2,44,0,2,0
76751,0,1,22,593,11,1
70697,2,0,25,298,6,1
28785,2,0,68,47,2,0
62924,1,1,2,518,6,1
66065,0,1,24,553,7,1
77267,2,0,18,465,6,1
43848,2,0,70,133,0,0
31459,1,1,59,107,0,0
58019,1,2,41,66,3,0
36258,0,1,58,143,0,0
43628,0,2,55,28,1,0
69757,1,2,14,562,14,1
38477,1,0,89,62,0,0
17211,2,1,46,108,2,0
30286,0,2,41,82,3,0
41959,1,0,86,90,2,0
70911,2,2,3,377,7,1
64971,0,1,16,321,6,1
43041,1,2,62,123,3,0
80216,0,2,24,735,10,1
45037,1,2,80,55,2,0
30205,1,0,95,127,3,0
56520,0,2,9,488,8,1
44882,1,0,55,7,3,0
35571,1,1,73,63,4,0
48642,0,2,28,671,13,1
54320,0,1,28,591,6,1
34297,2,2,89,105,4,0
78721,1,0,23,475,7,1
58517,2,0,99,96,1,0
84343,1,2,26,501,11,1
44400,2,1,43,88,0,0
25913,2,2,48,141,4,0
31526,1,2,97,97,3,0
70530,0,1,11,504,14,1
63429,0,1,11,540,14,1
33532,1,0,48,33,1,0
46979,1,2,80,48,0,0
50633,0,0,97,133,1,0
45398,2,2,45,101,3,0
32485,2,2,34,39,2,0
91112,1,2,10,566,11,1
87829,1,0,18,771,10,1
27091,0,2,67,40,3,0
38335,1,0,71,143,4,0
63315,0,0,20,328,9,1
59009,1,2,2,514,5,1
43307,1,1,36,5,0,0
61595,2,0,20,444,7,1
44863,1,0,59,63,0,0
67004,1,0,29,491,7,1
80291,1,0,16,616,6,1
70430,1,2,19,466,8,1
74512,1,1,20,485,7,1
51274,1,0,37,0,4,0
72642,0,0,4,636,8,1
51194,1,1,70,168,3,0
76874,1,0,26,513,10,1
32735,2,2,86,70,0,0
72567,0,1,23,541,14,1
28779,2,2,31,132,4,0
51269,2,2,7,505,11,1
64432,1,0,6,448,6,1
61360,1,1,21,516,7,1
31174,0,2,56,30,2,0
74081,1,2,7,543,14,1
83886,0,0,20,552,13,1
43134,1,0,98,99,3,0
53191,2,0,8,461,13,1
44154,1,2,93,52,3,0
73061,0,0,17,470,10,1
65163,1,2,12,414,10,1
72572,0,1,14,508,12,1
36231,0,2,54,106,0,0
52027,1,1,84,105,2,0
44466,0,2,71,120,4,0
82307,0,1,17,386,14,1
60896,0,2,9,387,11,1
65958,0,1,6,445,14,1
63452,2,0,12,695,13,1
63697,2,0,10,477,10,1
35985,0,0,67,0,4,0
62622,2,1,12,446,6,1
18792,0,1,69,66,2,0
53887,0,1,39,59,1,0
40797,1,2,55,152,0,0
70971,1,1,3,439,6,1
31229,1,0,84,19,4,0
44058,0,2,94,78,4,0
69845,1,0,16,580,9,1
35267,1,0,67,47,4,0
35793,2,0,37,75,4,0
69684,1,2,17,681,12,1
33965,0,0,59,91,4,0
32280,2,1,56,71,4,0
52184,0,1,45,144,0,0
66555,0,2,1,426,5,1
73270,2,0,29,405,14,1
55910,0,2,19,652,9,1
46668,2,0,62,80,1,0
39208,0,2,87,85,0,0
43696,0,2,64,162,1,0
47053,1,0,33,136,3,0
54776,2,2,14,387,8,1
37112,0,2,71,129,1,0
63888,1,2,14,629,9,1
74746,0,2,4,412,10,1
35346,1,2,80,129,0,0
57018,2,1,28,512,13,1
68840,1,1,27,305,12,1
44348,0,1,84,133,3,0
49142,2,2,89,176,1,0
82434,1,2,27,450,7,1
70582,1,2,18,673,12,1
45297,2,1,74,31,3,0
59873,0,2,27,510,11,1
69895,1,1,5,539,13,1
63493,1,2,7,511,10,1
85019,1,1,25,488,12,1
31171,2,2,32,109,3,0
52445,2,0,21,472,14,1
78132,0,0,0,356,13,1
39832,2,0,71,111,0,0
62176,2,0,28,527,12,1
35630,2,1,41,71,3,0
71764,0,1,23,519,12,1
22310,2,2,67,48,0,0
88060,1,2,24,591,6,1
83459,1,1,11,496,11,1
61223,2,0,2,584,7,1
42148,2,1,78,115,0,0
69557,2,2,8,462,7,1
43059,0,2,66,106,2,0
56598,0,1,23,371,10,1
41045,2,0,37,82,3,0
48753,2,1,69,143,1,0
45177,0,1,65,103,1,0
38785,0,2,86,126,3,0
59411,1,2,16,426,14,1
33368,2,1,41,173,4,0
64957,0,2,1,501,12,1
58743,0,2,26,489,13,1
50849,1,2,92,88,2,0
66879,1,0,18,438,12,1
46563,2,2,99,36,3,0
52742,1,2,14,484,6,1
55188,2,2,29,405,10,1
34647,0,0,83,152,4,0
34157,2,1,70,83,2,0
44503,0,0,30,113,0,0
74705,1,0,3,562,6,1
30639,1,0,60,89,3,0
43197,2,1,66,97,2,0
66383,2,0,12,634,8,1
45585,0,2,87,177,2,0
52404,2,0,35,91,4,0
79360,1,1,1,466,11,1
57225,2,1,33,111,4,0
44331,1,1,54,116,3,0
74501,2,2,18,416,7,1
56500,1,1,7,451,11,1
69032,1,0,13,535,11,1
62249,2,0,19,420,10,1
29186,0,1,84,49,0,0
38123,1,2,73,160,0,0
56951,0,2,19,711,11,1
42286,0,2,84,87,2,0
37537,1,1,76,13,3,0
52839,2,1,29,433,14,1
32765,2,1,85,86,0,0
46585,0,2,91,14,1,0
45712,0,0,60,155,0,0
38202,2,1,64,102,3,0
69726,2,0,22,657,5,1
55049,1,1,85,69,0,0
36096,2,0,47,0,1,0
73953,0,1,6,532,13,1
65786,2,1,26,463,7,1
74610,1,2,14,677,12,1
48954,2,1,10,472,14,1
30042,0,2,35,93,1,0
69271,0,1,1,648,13,1
42771,2,0,89,32,1,0
47653,2,1,40,86,4,0
60995,0,0,3,442,11,1
32173,1,1,59,6,0,0
37580,0,2,99,79,2,0
70161,0,1,9,571,6,1
60937,2,2,12,495,8,1
28602,2,0,33,107,0,0
74448,0,0,5,667,10,1
30469,0,2,89,132,4,0
27874,0,0,72,90,3,0
40229,2,1,80,61,2,0
68594,1,1,6,414,12,1
60493,1,1,17,480,9,1
29564,0,1,87,130,0,0
38614,2,0,2,422,9,1
32404,2,0,55,207,2,0
34399,2,0,59,39,3,0
70790,1,0,19,481,13,1
67168,0,2,9,432,7,1
48790,1,1,35,90,0,0
42969,2,0,76,109,0,0
64681,0,2,28,514,5,1
46026,2,0,73,85,4,0
50221,0,2,40,48,2,0
44706,0,2,81,59,4,0
44744,1,1,41,122,2,0
44376,1,2,72,143,2,0
66244,2,0,5,544,7,1
28746,0,2,58,57,1,0
58748,2,1,21,760,7,1
53027,1,2,91,79,1,0
45163,1,2,83,187,4,0
64215,1,2,17,610,8,1
66769,0,1,2,526,6,1
28625,1,1,68,80,3,0
81892,0,1,0,573,14,1
41024,1,0,61,77,3,0
24693,2,2,45,107,3,0
34152,1,1,85,106,0,0
50046,0,1,91,53,4,0
78931,1,1,7,389,8,1
35385,2,0,35,93,1,0
68203,0,2,2,667,8,1
44115,2,1,95,94,4,0
74676,2,1,20,680,8,1
59820,1,1,9,425,5,1
77831,1,0,14,590,5,1
38961,0,0,83,87,1,0
66069,1,2,22,420,12,1
79970,0,2,20,512,5,1
23008,1,1,64,85,4,0
69181,2,1,28,348,9,1
67741,0,2,3,553,12,1
70323,0,0,18,521,8,1
65427,1,2,8,437,7,1
49342,2,0,64,0,0,0
45490,2,0,45,0,2,0
40629,1,0,81,118,2,0
69371,2,2,11,625,9,1
36244,1,0,93,17,0,0
39032,1,0,78,86,1,0
45455,0,0,81,97,1,0
45488,0,1,68,120,2,0
60632,2,2,21,336,7,1
43232,0,0,48,209,4,0
68725,1,1,29,522,5,1
27140,2,0,96,143,3,0
32724,2,2,45,105,2,0
77595,0,2,7,596,11,1
79778,2,0,17,440,7,1
32253,1,2,43,83,4,0
62932,1,2,11,672,12,1
65001,0,1,16,511,13,1
55075,1,0,9,618,13,1
42412,1,2,39,96,0,0
33945,1,0,71,160,3,0
63921,1,2,7,538,14,1
64380,0,0,11,421,8,1
69429,1,1,23,629,10,1
66733,2,0,2,587,7,1
77151,1,0,11,608,13,1
73209,1,1,0,550,7,1
37258,1,0,33,47,4,0
46525,2,1,65,107,1,0
64155,1,0,17,561,10,1
36178,2,2,72,98,0,0
49485,0,2,46,142,1,0
44725,1,1,36,146,2,0
63637,0,1,3,431,5,1
39781,2,2,97,74,3,0
64412,0,0,26,471,5,1
45211,2,1,96,68,4,0
81912,2,1,15,504,11,1
63718,2,1,4,591,5,1
47506,0,1,79,0,0,0
66415,2,2,0,688,14,1
62092,1,0,4,518,13,1
64945,2,0,2,656,12,1
77298,2,0,14,425,9,1
66801,1,2,13,464,11,1
40081,0,0,32,123,4,0
52304,0,0,98,37,3,0
61012,1,0,18,373,5,1
41910,0,1,46,158,2,0
49435,2,0,76,136,1,0
58165,1,2,75,136,3,0
88978,2,0,5,566,7,1
66156,2,2,23,342,12,1
47409,0,1,51,36,2,0
67799,0,2,12,428,13,1
60277,2,1,21,630,8,1
70903,0,1,17,433,10,1
69411,0,1,27,655,14,1
62278,0,0,11,488,7,1
39553,2,0,81,139,2,0
68271,2,0,23,318,10,1
32497,1,1,90,56,0,0
26379,0,2,45,142,2,0
73963,1,2,2,469,10,1
26979,2,0,92,193,1,0
38325,1,0,34,63,2,0
49652,0,0,76,65,3,0
41466,1,2,72,142,0,0
61625,0,2,5,310,6,1
76938,2,2,20,372,6,1
86392,2,2,23,584,12,1
42734,2,2,79,87,4,0
40465,1,2,87,116,2,0
34995,0,2,38,126,3,0
40572,2,1,93,160,2,0
46011,0,0,91,127,4,0
54469,2,0,24,541,8,1
25930,1,1,50,213,0,0
56613,0,1,32,62,4,0
44110,2,2,62,96,3,0
51839,1,0,96,178,2,0
59204,0,2,28,604,6,1
86529,2,0,14,612,14,1
42172,1,1,91,111,3,0
66123,2,2,18,466,6,1
32140,1,0,67,65,0,0
47526,0,1,40,85,2,0
70784,2,2,27,441,7,1
41284,0,1,40,130,1,0
73553,0,2,21,536,9,1
35853,0,2,65,70,3,0
59499,1,0,10,518,14,1
72239,0,1,19,576,7,1
51725,1,2,77,92,2,0
35155,0,2,39,138,4,0
60216,1,1,28,569,8,1
81373,1,1,11,401,6,1
82892,2,1,12,536,6,1
70326,0,2,3,446,14,1
34779,1,0,87,68,4,0
66457,1,1,20,608,6,1
48353,2,1,59,114,2,0
47330,0,0,75,205,4,0
54926,2,2,54,69,0,0
80595,0,0,24,388,10,1
44671,0,2,96,106,0,0
55412,0,0,16,632,14,1
61027,2,1,3,458,12,1
73630,1,1,1,570,6,1
71918,2,1,16,360,10,1
61977,1,1,18,534,10,1
61561,2,1,2,555,6,1
38927,2,0,50,15,1,0
71177,1,0,17,361,13,1
35570,0,0,45,88,3,0
76625,0,0,10,322,14,1
40734,2,0,72,21,0,0
69669,1,0,11,700,13,1
39795,0,1,50,210,1,0
29121,0,2,67,177,0,0
72006,1,1,17,512,5,1
72172,1,0,22,492,9,1
71079,0,2,27,522,14,1
33282,1,0,79,74,4,0
34464,2,2,83,99,0,0
67178,1,2,8,549,8,1
76581,0,2,4,617,14,1
48826,1,0,96,51,3,0
73987,2,2,3,444,12,1
38077,2,1,96,143,3,0
60439,0,2,21,467,8,1
46707,1,0,48,119,4,0
40938,0,1,56,97,2,0
70821,0,1,65,77,4,0
69362,1,2,10,498,11,1
84363,2,0,27,425,7,1
71506,2,1,10,572,11,1
69608,0,0,29,484,10,1
54773,1,0,97,137,4,0
80831,0,2,22,645,9,1
41492,0,1,51,98,0,0
89120,1,0,25,482,7,1
60453,1,1,14,446,13,1
46851,1,2,57,118,0,0
71090,1,1,7,218,13,1
85551,0,1,24,449,11,1
28690,0,0,86,52,4,0
41627,2,0,67,147,3,0
42232,2,1,91,102,0,0
79022,1,2,15,430,7,1
35198,1,1,49,148,3,0
38232,1,1,86,41,0,0
81799,1,2,22,580,8,1
56845,0,1,27,448,13,1
52457,1,0,20,499,5,1
53411,0,2,78,51,2,0
34544,0,0,67,132,1,0
67612,2,2,13,383,9,1
84113,2,2,21,489,10,1
41985,1,0,55,131,1,0
92887,2,2,28,606,11,1
83342,1,1,5,567,11,1
38201,1,2,97,127,2,0
72206,2,2,21,437,5,1
28739,2,2,44,31,2,0
67854,2,1,13,585,6,1
35434,2,2,47,152,0,0
32480,2,2,40,197,1,0
44062,1,0,69,134,1,0
85391,2,2,3,659,11,1
47802,2,1,14,392,8,1
65486,0,0,8,582,14,1
67216,1,0,27,590,11,1
66382,2,0,8,405,7,1
46495,2,0,0,490,6,1
93176,1,1,28,511,14,1
33840,1,2,50,47,2,0
42856,0,1,57,100,2,0
46642,1,0,35,0,2,0
38780,1,1,81,56,1,0
37080,2,2,72,180,3,0
72939,1,0,27,589,6,1
56449,2,0,44,103,2,0
70180,1,0,24,481,14,1
50949,0,1,41,151,1,0
34785,1,2,75,60,2,0
35597,2,0,69,119,3,0
56675,2,1,23,640,8,1
61535,2,0,21,521,6,1
24269,0,1,86,138,2,0
31501,1,1,76,76,0,0
62828,0,0,10,347,7,1
83393,0,1,19,544,8,1
54042,0,2,47,157,1,0
73857,1,1,2,744,8,1
80612,0,0,22,388,9,1
71540,1,2,22,523,14,1
36453,0,2,62,184,1,0
36099,0,0,74,199,0,0
83098,0,2,4,440,5,1
28653,2,1,67,169,2,0
69697,2,0,23,642,5,1
40147,1,1,81,139,4,0
46861,1,0,96,106,2,0
47749,0,2,33,176,1,0
60027,0,0,12,431,14,1
73939,0,1,26,454,8,1
46071,1,1,44,92,1,0
72418,2,0,11,499,13,1
29350,2,2,87,179,2,0
59010,2,2,0,624,10,1
30432,2,2,39,188,2,0
80736,1,2,21,627,14,1
43356,0,0,38,143,3,0
29991,2,1,31,130,3,0
62445,1,2,21,427,8,1
34252,2,0,43,13,0,0
86814,0,1,9,468,5,1
74612,1,0,11,367,14,1
67526,2,2,1,650,11,1
77191,1,0,28,528,6,1
30179,1,2,69,168,2,0
68109,1,1,28,583,10,1
54318,1,2,3,454,10,1
57434,1,0,12,742,9,1
70855,0,1,5,465,14,1
41363,2,2,33,161,1,0
48470,0,1,23,447,7,1
44032,0,1,35,108,4,0
52619,2,2,84,78,2,0
50913,1,0,91,172,1,0
49704,1,2,64,94,3,0
55350,1,0,17,594,10,1
24322,2,0,65,23,3,0
36430,1,1,99,78,4,0
57939,2,0,15,518,7,1
39618,1,0,56,120,2,0
105290,2,2,15,433,12,1
69071,2,0,21,487,10,1
52227,0,1,60,27,4,0
33712,0,0,95,99,4,0
41574,2,0,98,196,1,0
81017,0,1,16,522,10,1
33970,1,1,61,83,2,0
19271,0,1,38,165,1,0
47861,2,2,92,150,0,0
70304,2,1,2,377,10,1
70596,0,0,20,494,8,1
63282,0,1,11,491,5,1
31903,2,1,93,134,0,0
70017,2,1,20,542,9,1
77074,1,1,17,475,8,1
43108,2,1,69,104,4,0
45423,2,1,33,8,3,0
49150,2,0,57,113,0,0
44992,0,1,66,167,2,0
59551,2,1,7,661,13,1
48533,0,1,97,4,2,0
74806,2,0,24,522,14,1
41421,2,1,70,152,4,0
45252,0,2,71,129,2,0
74572,2,2,22,299,8,1
70551,0,1,21,389,8,1
61185,2,0,19,630,5,1
38514,0,1,58,109,3,0
35752,0,0,93,109,2,0
75637,1,1,13,391,5,1
70855,0,0,3,469,8,1
39691,2,2,70,116,1,0
69717,2,0,16,617,12,1
61778,1,2,9,416,5,1
84895,0,1,19,447,8,1
39624,0,2,49,115,2,0
44893,1,0,75,63,1,0
43550,0,0,45,73,2,0
36102,1,0,85,74,1,0
32193,2,0,75,97,3,0
72362,1,1,1,699,7,1
77853,0,0,15,488,14,1
64838,2,0,15,545,11,1
74217,1,2,13,581,11,1
77775,2,2,6,501,14,1
89435,0,0,7,540,7,1
33972,2,2,47,116,0,0
39110,2,0,81,79,4,0
54744,1,0,2,495,7,1
85723,1,1,11,311,10,1
35500,0,1,92,139,3,0
75845,2,0,23,440,10,1
74498,1,0,16,381,8,1
67956,1,2,20,533,11,1
43440,2,0,71,114,0,0
60903,0,0,8,500,5,1
55612,0,2,0,551,12,1
24196,0,1,42,12,2,0
71568,1,2,27,498,7,1
69587,2,0,17,613,13,1
60510,2,0,22,403,5,1
65642,1,2,22,643,6,1
65010,2,0,10,461,13,1
79853,2,1,1,530,12,1
72820,2,1,14,615,9,1
50534,0,1,23,592,10,1
26836,2,2,56,145,2,0
45672,2,1,48,106,1,0
73247,0,1,7,542,7,1
64938,1,0,24,457,12,1
39083,1,0,66,188,4,0
41454,1,0,84,102,1,0
39635,0,0,69,38,0,0
27546,2,2,58,110,0,0
23686,0,1,62,100,0,0
35285,0,2,52,76,0,0
46254,0,1,56,147,4,0
56739,1,1,41,86,4,0
77474,2,0,26,491,12,1
59518,2,1,77,39,1,0
41926,2,2,91,110,3,0
45181,0,1,77,133,4,0
41884,1,1,83,124,1,0
75994,2,1,16,396,8,1
35490,2,2,74,159,0,0
78444,1,1,12,402,8,1
64347,0,1,6,744,9,1
27814,1,2,46,94,3,0
30017,2,2,30,126,0,0
46978,2,0,33,100,1,0
46325,1,0,24,499,7,1
33195,1,2,84,165,0,0
28513,2,1,80,59,4,0
42609,0,0,81,160,3,0
60084,2,1,9,391,9,1
30397,1,2,34,89,3,0
65143,2,2,26,425,9,1
44612,0,1,58,83,4,0
89025,1,0,12,546,11,1
55153,2,2,5,560,13,1
67510,2,0,10,440,8,1
64710,2,0,25,629,10,1
77250,2,2,28,428,9,1
92540,0,2,7,334,12,1
70343,2,0,26,465,12,1
63709,0,1,23,484,5,1
29912,1,1,74,36,1,0
50221,2,0,82,111,1,0
33624,2,0,49,117,4,0
42558,1,1,63,140,4,0
53323,2,2,74,144,4,0
38258,1,0,93,115,0,0
60608,0,1,18,521,13,1
49354,0,0,78,37,3,0
43375,1,0,62,62,3,0
40170,2,2,59,155,4,0
79080,2,2,22,654,5,1
35501,1,1,88,41,1,0
54285,0,1,3,481,12,1
26318,1,1,91,27,0,0
44306,0,0,77,124,0,0
57642,2,0,9,556,14,1
43403,2,1,36,149,2,0
81166,1,0,15,577,13,1
49504,1,1,15,493,14,1
71627,0,1,16,513,14,1
73824,2,2,16,588,10,1
61996,1,1,23,564,12,1
43213,2,2,70,28,0,0
59993,0,1,8,606,5,1
31432,1,2,53,144,4,0
30733,2,2,65,12,1,0
78007,0,1,24,605,12,1
27256,2,2,70,8,3,0
86935,0,0,1,355,10,1
68045,1,1,29,509,7,1
49496,0,1,96,128,0,0
39417,1,1,95,69,2,0
41791,0,0,95,53,4,0
58701,0,2,9,615,8,1
37754,0,2,82,54,3,0
47346,1,1,55,82,1,0
79481,0,1,27,162,13,1
63201,1,1,8,509,8,1
59566,0,1,78,56,1,0
87409,0,0,9,571,14,1
53359,0,2,70,179,0,0
35204,1,1,77,127,1,0
31987,2,1,58,55,4,0
43520,0,0,73,135,4,0
43983,1,0,82,121,3,0
83465,1,1,14,649,8,1
56922,1,2,28,403,11,1
42669,0,0,59,158,3,0
77690,0,1,17,503,11,1
40147,0,2,64,59,4,0
52636,2,1,51,64,0,0
78197,1,1,17,552,11,1
37001,2,2,92,15,2,0
64850,0,0,0,487,13,1
33733,2,2,33,154,3,0
90024,2,0,19,517,10,1
40445,1,1,95,82,4,0
47800,2,0,33,148,2,0
32812,0,0,47,40,3,0
51642,1,0,16,312,13,1
55312,0,2,45,167,2,0
75571,2,0,8,581,13,1
71934,2,2,10,626,6,1
41688,1,2,84,49,0,0
48376,2,1,54,132,4,0
61664,1,0,27,600,8,1
84465,1,0,23,696,13,1
61944,2,0,26,541,6,1
60634,2,1,0,300,8,1
66047,2,1,24,613,10,1
66847,1,0,27,250,11,1
77034,2,0,14,522,13,1
46960,0,0,35,156,3,0
38232,0,1,87,93,4,0
75529,2,1,0,549,10,1
43310,1,0,65,26,2,0
62174,0,2,26,483,5,1
65763,1,2,18,326,7,1
65490,2,2,21,618,14,1
51597,2,1,28,523,11,1
48865,1,1,91,130,2,0
77318,0,0,19,658,14,1
43303,1,0,83,154,2,0
46071,0,1,45,97,4,0
68531,0,0,25,517,11,1
77147,0,0,14,356,10,1
68711,1,1,29,487,5,1
71666,0,2,24,314,10,1
63470,2,2,19,681,5,1
81782,0,2,18,488,10,1
69679,0,2,11,610,11,1
66245,0,2,20,493,7,1
42136,1,1,60,250,3,0
49286,2,1,78,125,4,0
78652,1,1,15,622,12,1
32147,1,1,89,193,3,0
99430,1,0,12,449,11,1
36898,1,0,57,101,0,0
36634,1,2,71,82,4,0
67399,2,2,28,657,7,1
82863,2,1,15,621,5,1
33473,1,2,41,59,4,0
41396,0,1,64,65,0,0
66322,0,1,10,567,14,1
71878,1,0,3,333,8,1
62051,2,2,22,455,10,1
78634,0,1,10,579,12,1
37789,2,2,8,413,6,1
58795,1,2,0,456,7,1
76872,1,1,22,440,9,1
57284,0,1,17,540,11,1
69634,0,0,29,645,6,1
66734,2,1,26,404,9,1
71420,2,2,26,320,7,1
72913,1,0,4,480,8,1
34456,0,0,38,181,1,0
35640,2,2,54,99,0,0
39713,0,1,83,5,1,0
47142,2,0,8,310,11,1
78640,0,0,23,467,13,1
90444,2,1,16,562,12,1
76446,0,1,20,471,9,1
32355,0,0,35,0,1,0
74562,2,1,6,594,7,1
80895,0,2,24,513,5,1
70650,2,0,20,534,8,1
57105,0,0,6,509,9,1
63707,1,0,12,509,7,1
35585,0,2,79,108,2,0
42249,2,2,93,75,1,0
62639,1,0,9,623,9,1
74685,0,0,8,223,10,1
65969,1,1,12,559,11,1
65433,1,2,19,486,13,1
67689,0,0,17,545,14,1
44982,2,2,33,69,0,0
41478,1,2,67,123,4,0
74607,1,0,7,275,5,1
52823,2,2,18,265,13,1
60676,1,0,0,405,13,1
42088,2,1,87,134,0,0
51925,2,0,69,133,2,0
87303,2,1,6,395,12,1
40208,0,2,65,140,2,0
41777,2,1,37,202,1,0
61449,0,0,9,499,13,1
67231,2,0,14,606,10,1
61771,1,1,6,377,13,1
71926,2,0,20,446,10,1
63474,1,2,20,627,12,1
97107,0,2,14,442,13,1
44175,0,0,78,1,2,0
49316,2,0,6,365,6,1
83530,1,0,22,436,14,1
69775,0,2,19,552,14,1
29505,2,0,57,0,4,0
31351,1,1,65,62,4,0
40658,2,2,54,66,3,0
55760,0,0,8,522,7,1
50413,2,1,38,200,0,0
65306,1,1,19,394,7,1
72342,0,1,15,404,13,1
71433,1,0,5,414,11,1
80316,0,0,17,422,8,1
83491,0,0,6,567,14,1
48392,0,2,69,68,1,0
71950,0,1,7,352,9,1
63687,0,1,27,318,5,1
31787,0,1,94,86,2,0
31641,0,2,78,91,3,0
67997,1,0,27,502,13,1
40371,2,1,56,132,3,0
35757,0,2,71,238,0,0
72361,1,2,2,529,8,1
82827,2,1,10,537,5,1
67073,1,2,24,565,13,1
55174,0,1,70,0,2,0
41566,2,1,36,166,0,0
84364,2,2,3,594,9,1
39799,0,1,42,29,3,0
30792,2,2,56,83,2,0
74757,2,0,9,423,10,1
99354,1,2,14,465,11,1
84622,0,1,11,585,12,1
33201,2,1,94,83,2,0
71026,0,2,18,489,12,1
45126,0,0,96,72,2,0
26456,1,1,66,120,2,0
79764,2,1,18,351,7,1
53471,2,1,77,101,3,0
31538,2,0,42,83,3,0
64612,2,2,22,314,11,1
67526,2,2,13,476,7,1
54608,0,2,41,102,0,0
41370,0,0,57,69,0,0
62665,2,0,16,532,11,1
62960,2,1,3,519,5,1
84930,2,0,11,436,9,1
89531,2,0,1,579,11,1
89723,2,2,14,496,14,1
70321,2,1,26,302,9,1
51968,1,0,86,191,4,0
52909,1,0,42,195,0,0
35194,1,0,36,154,4,0
39738,2,2,72,34,1,0
97922,1,1,1,459,14,1
71415,0,0,19,501,9,1
33109,2,2,37,60,3,0
34359,0,0,56,34,2,0
47936,2,0,63,151,4,0
74753,2,2,18,402,9,1
57258,0,2,65,110,2,0
44292,2,1,47,126,3,0
23798,2,2,60,59,1,0
38754,0,1,48,68,0,0
26644,0,2,42,128,2,0
70879,0,0,28,464,12,1
39293,1,0,30,115,1,0
44779,2,2,95,50,0,0
42462,0,2,89,31,4,0
43780,0,2,71,43,4,0
76151,2,2,26,332,7,1
79280,2,1,4,535,14,1
42650,2,2,66,103,2,0
52236,0,2,53,157,2,0
51136,1,2,46,19,0,0
69844,1,2,2,471,12,1
43831,0,1,52,83,0,0
33954,0,1,37,129,3,0
52492,0,0,90,111,1,0
58867,2,0,22,297,8,1
62859,0,1,28,167,11,1
78531,1,0,24,439,8,1
35487,2,2,66,140,4,0
98242,2,0,13,555,10,1
27552,2,1,86,97,3,0
41528,2,1,49,179,4,0
73949,1,0,21,551,14,1
37527,1,0,82,154,4,0
72506,1,2,25,548,12,1
77890,0,2,29,623,14,1
57090,1,2,16,669,5,1
82744,1,2,14,460,9,1
71934,0,1,26,445,10,1
38799,2,1,49,108,3,0
66327,2,1,7,593,10,1
29756,0,1,98,137,3,0
53841,2,2,15,627,13,1
39805,2,2,85,70,0,0
34194,0,0,35,118,2,0
66066,0,2,22,434,8,1
77882,2,2,8,252,10,1
75923,1,0,17,417,9,1
32739,0,1,72,162,2,0
42856,2,1,81,0,2,0
72933,0,2,5,582,11,1
48687,1,0,59,170,2,0
76672,2,0,6,592,6,1
39237,2,1,89,124,0,0
47968,2,2,75,58,1,0
63195,1,2,13,441,8,1
61084,0,2,24,542,10,1
35009,2,2,39,113,1,0
42003,0,0,31,100,4,0
71551,1,2,10,377,12,1
44974,2,2,64,124,0,0
45026,0,1,75,36,4,0
52633,1,0,74,12,1,0
39206,2,2,50,50,4,0
58391,2,0,83,115,0,0
48233,0,2,80,78,0,0
57306,1,1,53,202,0,0
35755,2,0,61,46,0,0
33142,1,2,65,95,0,0
47707,0,2,51,192,2,0
72033,1,0,23,706,13,1
47641,2,2,95,165,0,0
39936,1,1,80,151,4,0
65231,2,1,4,443,10,1
41004,2,1,88,51,4,0
46542,1,2,58,93,4,0
56243,2,0,9,516,12,1
41739,1,0,58,161,0,0
50279,2,1,9,649,14,1
71171,1,2,4,634,13,1
49387,0,0,52,108,2,0
70244,1,2,12,414,8,1
47161,1,2,60,123,4,0
72847,1,2,15,498,6,1
87445,0,1,5,610,7,1
47970,0,2,44,72,3,0
28171,2,0,45,79,4,0
66017,2,2,16,408,9,1
55771,2,2,27,647,13,1
84194,1,0,7,581,11,1
74391,0,1,5,556,12,1
46333,1,2,80,127,4,0
75510,2,1,10,582,6,1
23460,0,1,67,84,4,0
52058,2,0,0,414,11,1
69169,1,1,17,563,11,1
63108,1,0,18,750,11,1
31966,0,1,87,167,1,0
63943,0,1,29,589,13,1
49749,2,2,10,462,10,1
34851,2,1,88,83,4,0
36564,0,2,41,74,4,0
63698,1,1,4,414,5,1
44740,2,2,86,76,3,0
77352,1,1,16,710,6,1
47323,1,2,99,114,1,0
45751,2,0,64,201,3,0
68864,2,2,1,464,9,1
37017,2,0,86,99,0,0
38019,2,1,56,118,1,0
40238,1,2,52,165,1,0
67354,2,2,21,431,8,1
48247,1,1,81,14,3,0
82371,1,2,7,565,9,1
44063,1,1,62,70,2,0
73657,2,2,7,415,8,1
73343,2,2,2,357,13,1
76882,0,0,2,430,14,1
58678,2,1,0,508,6,1
30208,1,2,80,61,2,0
59705,0,1,95,37,0,0
58058,0,1,22,389,9,1
47018,1,2,93,58,4,0
55275,1,0,53,37,0,0
77230,1,0,24,220,11,1
35718,0,2,30,30,3,0
41791,0,0,96,94,3,0
37077,0,1,70,76,4,0
33151,0,0,52,59,4,0
34984,2,1,38,210,3,0
42513,0,2,35,103,4,0
48629,0,0,67,71,3,0
44690,0,2,66,119,0,0
86797,0,1,14,393,10,1
24383,2,1,89,76,1,0
86372,2,2,3,332,6,1
48467,2,1,38,41,1,0
30322,0,1,70,60,4,0
86053,0,2,18,667,13,1
48732,1,1,38,120,1,0
54818,0,1,92,214,4,0
40024,2,0,55,0,1,0
29214,1,2,45,119,4,0
42816,0,1,93,177,0,0
77851,0,0,29,617,5,1
73970,2,2,2,660,9,1
37477,1,1,52,138,0,0
40215,1,0,98,100,0,0
48180,0,0,82,87,0,0
64179,0,1,22,469,10,1
86771,1,1,1,551,10,1
49264,2,0,72,42,4,0
42318,0,2,72,129,2,0
35154,2,0,54,86,0,0
74416,2,0,1,458,5,1
48242,0,0,48,61,3,0
81665,0,2,28,377,5,1
41949,2,2,57,139,4,0
59720,1,0,4,477,8,1
29436,0,1,95,213,0,0
75397,2,0,21,365,7,1
42261,0,2,24,548,7,1
31572,0,2,54,46,0,0
34898,0,2,38,76,0,0
34588,2,2,79,102,1,0
40614,1,1,38,79,1,0
73421,1,1,0,444,7,1
79623,2,1,14,561,6,1
34285,1,0,57,94,0,0
40851,2,2,44,130,3,0
35625,2,1,39,36,2,0
40477,1,1,52,0,4,0
58290,1,2,21,381,11,1
74853,0,1,22,415,8,1
40104,0,1,68,74,3,0
77094,2,0,14,441,14,1
75374,2,0,7,448,8,1
76817,2,0,5,525,9,1
58261,0,2,9,408,9,1
44346,2,2,71,192,4,0
35644,2,0,31,83,0,0
83304,2,1,27,419,10,1
64508,0,0,26,392,5,1
56605,1,1,21,560,9,1
73141,1,2,28,561,5,1
54356,1,1,83,73,1,0
61592,1,1,22,398,12,1
41950,2,1,99,101,4,0
96068,1,0,11,629,14,1
66028,2,2,14,578,5,1
28415,2,1,58,176,2,0
68980,2,1,10,282,12,1
67118,0,1,4,396,8,1
69553,0,0,21,474,8,1
78728,0,1,23,502,13,1
41203,1,1,65,158,1,0
57140,1,2,11,471,13,1
70150,1,1,23,522,7,1
84469,1,1,28,400,9,1
89669,2,2,0,440,12,1
46926,1,0,64,21,4,0
68315,0,0,4,451,14,1
63134,2,0,11,545,14,1
31830,2,0,30,124,3,0
78220,0,0,0,507,14,1
59703,1,0,17,499,14,1
46603,0,0,75,124,3,0
45385,0,2,97,129,1,0
74310,1,0,0,399,6,1
79911,0,2,10,554,13,1
38292,2,1,36,87,4,0
39678,1,1,99,129,4,0
44524,2,0,81,147,3,0
35410,2,1,60,102,3,0
90487,1,0,0,342,9,1
35983,2,1,64,159,0,0
40196,0,0,30,87,0,0
23695,0,2,88,159,4,0
76869,2,0,2,700,13,1
65710,1,0,0,478,7,1
53820,2,1,61,113,1,0
36435,1,0,85,18,4,0
32264,2,2,73,38,4,0
55927,0,2,23,475,12,1
55580,2,0,20,407,5,1
61161,1,2,6,445,5,1
69959,1,1,3,558,10,1
77244,0,1,19,386,7,1
52563,2,0,2,419,10,1
41572,0,2,30,148,4,0
66991,0,0,24,539,6,1
42459,0,1,59,142,2,0
39404,0,2,30,54,4,0
58233,0,2,20,544,5,1
40453,2,0,52,136,1,0
63725,2,0,16,584,7,1
91591,2,2,29,446,12,1
43952,0,0,46,63,4,0
76994,0,1,23,492,14,1
34486,0,0,35,68,0,0
66909,1,2,2,563,13,1
44293,0,2,68,36,4,0
61403,1,0,10,628,9,1
83954,1,2,10,607,13,1
55710,0,1,19,694,14,1
33989,0,0,14,575,8,1
32075,0,2,40,13,1,0
60352,2,1,22,415,5,1
81067,2,1,7,459,12,1
37125,2,0,47,0,0,0
77949,1,2,13,414,5,1
47474,2,1,45,30,4,0
45081,0,2,72,111,0,0
31979,0,0,80,142,4,0
34824,1,1,32,154,4,0
36802,2,0,81,132,0,0
35803,1,1,33,229,0,0
35817,2,1,64,126,2,0
47814,1,0,25,614,5,1
40457,1,0,23,382,13,1
59811,1,2,8,389,12,1
39971,2,0,55,98,2,0
60637,2,0,55,37,1,0
51715,2,1,26,525,10,1
81971,1,0,4,517,14,1
41819,0,1,79,89,0,0
38105,2,0,98,152,4,0
89172,0,2,19,442,10,1
39129,0,2,51,172,1,0
70218,1,2,10,558,10,1
41856,2,1,83,104,0,0
73097,2,1,12,418,7,1
40540,0,1,89,142,4,0
39226,2,2,31,15,3,0
89853,0,0,10,560,13,1
36292,1,2,31,66,2,0
77534,2,2,25,567,5,1
72573,2,0,16,621,8,1
29786,2,1,43,79,1,0
66924,1,0,24,385,9,1
36863,1,1,49,107,3,0
35972,1,1,79,138,3,0
55976,1,2,23,637,11,1
64997,1,1,11,495,14,1
82904,2,1,25,270,13,1
71255,0,2,17,485,14,1
81711,0,1,6,524,7,1
59986,0,0,4,401,9,1
44007,2,0,72,95,1,0
79603,0,1,27,333,5,1
43146,2,2,59,150,0,0
38070,0,0,94,137,0,0
48844,2,1,92,200,4,0
40540,1,0,53,66,3,0
41063,2,2,60,122,4,0
71175,0,0,9,418,7,1
42490,1,0,32,42,3,0
61585,1,1,3,528,7,1
83592,1,0,15,549,12,1
78241,0,1,1,401,11,1
62844,1,0,28,494,13,1
35121,1,1,80,150,2,0
40978,2,1,33,92,3,0
46150,0,2,7,429,7,1
90541,1,0,25,599,12,1
67296,1,2,29,198,9,1
35861,1,1,43,56,3,0
63481,1,1,11,544,6,1
83520,0,0,1,510,10,1
41870,0,2,99,134,0,0
70913,1,2,2,490,8,1
53282,0,0,11,559,12,1
45218,0,1,46,166,4,0
83491,2,2,22,342,14,1
41033,2,1,49,59,3,0
35123,1,1,55,125,2,0
85973,2,1,27,400,8,1
70118,2,0,0,227,7,1
63818,0,0,27,452,8,1
55964,0,0,9,196,7,1
40548,0,2,94,70,4,0
37607,1,1,42,54,2,0
64720,2,1,29,471,12,1
41366,1,2,44,54,1,0
40082,2,2,31,160,1,0
65401,2,2,28,533,10,1
66873,1,2,7,493,10,1
63598,1,2,4,469,13,1
29024,0,2,44,182,0,0
79647,2,2,9,523,6,1
38504,2,0,45,130,0,0
63695,1,2,28,338,6,1
76488,2,0,25,397,13,1
33861,2,0,46,103,0,0
63691,0,2,11,558,5,1
34582,2,1,86,173,2,0
52621,0,0,9,441,12,1
65058,1,1,17,436,11,1
74731,2,2,2,493,10,1
41608,1,1,55,80,1,0
66621,2,1,11,717,7,1
73225,0,1,26,354,5,1
57123,0,0,1,432,8,1
65822,1,0,21,454,7,1
43495,0,1,90,66,4,0
40775,2,2,90,53,2,0
58369,0,0,17,480,7,1
65597,0,2,0,522,6,1
75896,0,2,26,532,11,1
71580,1,2,22,594,12,1
58430,1,2,29,458,14,1
32584,1,0,75,154,2,0
87649,0,2,8,492,8,1
50659,1,0,14,476,5,1
43554,2,0,40,88,1,0
36853,0,1,85,18,0,0
83140,2,2,10,342,6,1
46508,1,0,55,121,2,0
67662,0,0,29,307,10,1
80687,0,0,14,619,8,1
72990,1,0,20,676,6,1
38958,0,1,40,119,1,0
31147,0,0,63,129,0,0
101176,0,2,28,510,8,1
51249,0,0,13,609,6,1
43155,1,1,94,91,1,0
40481,2,1,61,70,4,0
26707,0,0,61,125,4,0
36224,0,2,90,156,4,0
45946,0,1,97,77,1,0
58227,0,1,1,586,7,1
85199,1,2,23,454,14,1
35335,0,1,78,47,4,0
52367,1,2,2,589,9,1
50318,0,1,73,166,1,0
63621,0,0,19,433,6,1
42313,0,0,86,133,1,0
30034,2,0,50,116,3,0
35355,1,2,39,3,1,0
27795,0,2,90,132,1,0
68506,2,2,4,520,9,1
74608,1,1,14,550,14,1
30650,2,0,95,55,1,0
37818,1,2,45,76,2,0
70945,1,0,9,585,9,1
52184,2,0,39,109,2,0
19042,0,2,74,197,4,0
64349,0,1,16,358,5,1
46060,2,1,51,127,0,0
38126,2,2,50,128,2,0
40272,1,1,39,68,4,0
41552,1,1,70,109,1,0
34277,2,0,73,61,3,0
26082,2,0,71,84,1,0
44039,1,2,42,115,0,0
77642,0,2,20,519,9,1
20004,0,1,77,62,3,0
72547,1,0,4,386,12,1
57738,2,2,6,603,11,1
62970,0,0,16,492,7,1
85268,1,1,14,486,9,1
78100,2,2,26,442,10,1
73169,2,1,29,543,10,1
82545,0,1,17,591,9,1
84556,0,2,21,557,12,1
75975,2,0,24,657,6,1
74762,1,0,19,473,6,1
32812,1,1,86,94,0,0
84554,1,2,29,662,10,1
55056,1,2,70,66,0,0
83655,1,2,24,366,13,1
41476,1,1,91,0,0,0
24649,1,2,60,182,0,0
84837,2,2,20,465,11,1
46827,0,1,40,98,4,0
60192,2,0,14,500,12,1
40364,1,1,73,150,2,0
39423,1,0,65,0,1,0
65497,0,1,15,625,5,1
61455,2,2,19,428,10,1
69174,2,0,7,562,7,1
33116,1,1,55,101,0,0
57523,2,1,30,91,1,0
52607,0,1,16,479,13,1
49821,0,2,85,91,3,0
59142,2,0,4,713,13,1
62886,2,1,28,587,10,1
77399,2,1,24,454,5,1
62651,1,2,27,435,8,1
69427,1,1,26,528,5,1
33949,2,2,48,53,3,0
52893,0,2,2,545,6,1
59740,1,1,18,383,7,1
59023,2,1,0,472,14,1
62257,1,2,28,354,8,1
61741,2,0,5,315,12,1
36428,0,1,58,160,4,0
71472,1,2,21,491,11,1
40304,1,0,91,150,4,0
37940,1,0,88,105,3,0
36084,2,1,83,88,2,0
37303,2,0,61,105,3,0
59498,0,1,11,366,5,1
45521,0,2,39,113,4,0
66222,1,2,4,363,12,1
43005,0,0,56,17,0,0
50934,0,0,88,205,2,0
25560,1,1,89,41,2,0
38528,0,0,84,130,3,0
47450,0,1,48,101,1,0
29680,1,2,54,150,0,0
45978,2,0,40,74,2,0
76183,1,2,25,538,10,1
58554,2,0,47,166,3,0
84381,2,1,14,534,5,1
52745,1,0,67,30,2,0
73955,0,1,3,569,8,1
41068,1,0,39,92,1,0
51040,2,0,91,76,2,0
33396,0,1,36,160,4,0
48456,1,0,81,175,3,0
55089,1,0,60,80,0,0
46801,1,1,55,79,1,0
38615,1,1,75,96,1,0
80159,1,0,10,368,5,1
74323,2,2,15,466,10,1
67419,0,0,20,571,5,1
16829,0,1,53,81,3,0
71429,1,2,2,655,13,1
44564,1,0,47,138,1,0
38229,2,0,97,109,2,0
68398,2,0,13,391,8,1
50845,1,0,71,73,0,0
50100,1,0,48,136,4,0
69420,2,1,5,534,9,1
36166,2,2,84,152,0,0
61753,0,0,13,629,13,1
23412,2,0,55,113,4,0
34383,1,2,79,113,0,0
37960,1,2,33,68,1,0
81640,2,0,3,577,10,1
40908,2,1,48,144,0,0
68734,0,2,24,596,11,1
33382,0,2,67,136,4,0
33464,0,0,71,97,2,0
53745,0,1,18,533,8,1
73429,0,2,13,474,14,1
73813,0,1,5,480,7,1
35394,1,2,77,90,2,0
76989,1,0,13,432,10,1
62732,2,1,19,469,9,1
39074,1,0,76,80,4,0
94523,2,2,24,547,6,1
28978,2,0,51,117,3,0
40117,2,1,37,85,4,0
49346,1,1,25,348,5,1
42893,0,0,51,80,1,0
72320,1,2,14,493,14,1
61394,2,1,17,551,13,1
82434,1,0,3,358,8,1
37423,2,1,48,180,1,0
39683,0,0,60,63,4,0
78739,1,0,23,575,7,1
70140,0,2,5,503,10,1
33133,0,1,90,81,0,0
30962,0,1,74,51,0,0
43393,1,1,71,23,0,0
74704,2,0,9,632,6,1
43302,2,1,86,149,3,0
54123,2,0,51,110,0,0
49750,1,2,44,142,4,0
67022,0,2,9,521,7,1
42932,2,1,88,70,0,0
28168,0,0,83,98,0,0
86875,2,0,25,395,14,1
44799,1,2,82,60,0,0
73269,1,2,24,424,14,1
67429,2,1,8,435,11,1
52018,0,2,31,183,4,0
57296,1,2,29,397,6,1
46166,0,1,51,57,4,0
79475,2,1,17,492,12,1
67790,2,2,2,518,7,1
78789,1,1,4,421,7,1
60480,0,2,83,119,3,0
47603,2,0,56,101,4,0
45071,0,1,72,148,4,0
64030,2,2,14,428,11,1
82058,1,0,1,375,10,1
28558,2,0,58,131,3,0
45662,2,1,58,37,2,0
62629,0,0,7,373,6,1
28959,1,1,83,71,2,0
37028,0,0,45,58,4,0
43239,2,2,95,84,2,0
80472,1,0,26,617,10,1
78331,2,1,19,422,6,1
71606,2,0,26,250,11,1
68861,2,1,29,598,7,1
79945,2,2,12,524,8,1
75805,0,0,29,354,9,1
81655,0,2,0,639,14,1
35889,1,2,97,27,2,0
43556,1,0,39,38,3,0
40913,1,2,87,160,0,0
66621,0,1,28,465,5,1
78918,2,1,25,435,8,1
66095,0,2,22,461,5,1
90910,2,2,17,714,13,1
44758,0,2,98,113,1,0
51823,0,1,81,49,1,0
87448,2,0,23,407,6,1
38892,2,1,63,84,4,0
50483,0,1,25,449,6,1
50584,1,2,22,473,10,1
71380,1,0,29,309,10,1
38007,1,0,44,134,0,0
32179,0,0,54,177,0,0
36399,0,2,68,90,1,0
33926,2,1,53,77,3,0
79256,0,2,21,492,8,1
60668,1,2,19,424,8,1
78598,2,2,11,374,11,1
60585,2,2,14,430,7,1
45687,1,2,38,84,0,0
36966,1,2,35,33,0,0
31149,2,0,49,181,4,0
34900,2,0,84,0,1,0
69221,1,1,9,351,6,1
79724,0,2,28,428,8,1
44310,2,2,55,0,0,0
27098,2,0,43,83,1,0
77699,0,2,18,580,7,1
47674,2,2,63,57,4,0
48901,0,1,4,457,14,1
61968,0,2,27,550,11,1
90994,0,2,22,424,6,1
85422,1,2,21,261,5,1
78913,1,1,10,501,9,1
44340,1,0,93,130,0,0
56358,0,0,28,597,8,1
49676,2,2,1,531,11,1
23344,2,0,79,65,1,0
36126,2,0,83,68,0,0
56003,0,2,16,447,7,1
35384,0,0,61,105,0,0
67850,1,0,23,579,14,1
49560,1,0,47,75,0,0
65221,1,2,0,443,8,1
78085,2,0,11,495,6,1
38517,0,1,43,122,2,0
75009,2,1,17,417,8,1
48114,1,0,36,118,4,0
45907,2,2,65,164,2,0
45268,2,0,99,145,1,0
35384,0,1,53,179,4,0
54270,2,1,17,475,8,1
53693,1,2,72,132,4,0
40124,0,2,32,156,2,0
26651,2,0,87,169,3,0
51609,2,0,89,65,2,0
52031,2,2,92,102,4,0
37690,0,0,82,88,0,0
54407,1,0,41,171,3,0
46073,0,1,73,180,3,0
52591,2,0,44,80,1,0
37799,1,1,98,60,4,0
29222,2,1,79,198,4,0
85758,2,1,12,496,12,1
66063,0,0,11,432,7,1
53380,2,0,77,27,0,0
73144,1,0,8,508,8,1
87966,0,1,22,347,5,1
62575,2,1,4,483,9,1
42647,1,1,68,51,3,0
65788,2,0,22,473,5,1
24050,1,0,88,0,1,0
78601,0,2,5,446,6,1
24099,2,2,91,38,4,0
40833,2,0,32,131,2,0
48254,2,2,63,104,3,0
65703,1,1,26,463,9,1
80216,0,0,8,482,6,1
82991,2,0,26,384,9,1
70334,1,0,8,446,13,1
43788,0,0,82,10,0,0
37619,0,1,77,132,3,0
22409,1,1,86,66,2,0
52524,1,1,85,115,0,0
37097,0,1,31,189,2,0
93654,0,1,2,549,7,1
37640,1,2,92,80,4,0
34794,1,2,39,121,4,0
59195,1,1,24,506,14,1
72955,1,1,16,471,8,1
62206,1,2,14,505,7,1
77979,2,2,14,441,7,1
45936,1,1,65,119,0,0
51057,0,1,81,107,4,0
36638,2,1,45,91,1,0
71017,1,0,29,537,11,1
63707,2,2,21,539,10,1
83722,1,0,21,423,6,1
74664,2,1,21,572,8,1
79942,1,0,9,450,14,1
37848,2,1,47,109,4,0
39383,1,2,69,119,4,0
29374,1,2,37,107,0,0
81209,1,0,15,646,6,1
43193,1,0,42,67,3,0
40776,0,1,61,137,1,0
67976,1,2,8,564,11,1
40324,0,1,33,100,3,0
49850,1,0,4,497,11,1
81633,0,2,18,635,14,1
48078,2,0,51,84,1,0
40515,0,0,44,68,2,0
33817,1,0,88,30,2,0
42163,0,2,70,164,3,0
91355,1,2,19,400,12,1
28937,1,0,70,19,0,0
88520,2,2,18,511,13,1
82999,2,2,4,461,10,1
40256,2,2,82,77,4,0
52983,1,0,24,591,9,1
57635,1,1,5,576,5,1
87230,2,0,1,578,11,1
75480,1,0,4,568,14,1
73735,1,2,21,417,14,1
42231,2,0,31,118,0,0
40456,2,1,31,158,1,0
73389,1,1,20,422,12,1
69522,2,1,11,448,11,1
72972,1,2,20,450,10,1
44419,1,2,46,64,0,0
64089,1,0,21,447,6,1
51550,1,0,46,17,4,0
32614,1,1,54,74,3,0
57151,0,1,56,93,1,0
43266,1,0,78,105,1,0
73590,2,0,0,660,14,1
34494,0,0,47,145,1,0
61604,0,2,26,625,12,1
76166,1,0,13,613,14,1
53996,2,0,41,46,2,0
31042,1,0,46,172,1,0
61461,0,1,4,584,10,1
49190,0,2,47,179,3,0
44511,2,0,88,55,1,0
35486,2,1,42,101,0,0
54673,1,0,13,687,12,1
45455,1,2,87,83,1,0
41477,0,1,41,9,0,0
53748,1,2,23,377,9,1
35014,0,2,51,20,2,0
41202,2,2,93,66,3,0
55844,2,0,4,411,10,1
37979,0,2,82,177,0,0
46575,1,2,48,113,0,0
36246,1,2,88,106,4,0
61466,0,1,6,448,13,1
65497,0,0,25,555,9,1
74752,2,2,14,586,8,1
26294,0,2,60,161,0,0
38731,1,2,67,206,3,0
59607,0,1,16,419,6,1
69420,2,2,1,291,9,1
35919,2,0,50,0,4,0
72978,1,1,29,329,5,1
47352,1,1,52,0,0,0
66420,0,0,18,473,14,1
28965,1,2,42,57,3,0
61648,1,2,24,562,14,1
67730,1,1,25,565,6,1
62396,0,0,24,561,7,1
41670,1,2,92,112,1,0
61923,0,0,20,514,7,1
76622,0,0,23,565,11,1
58580,0,1,19,466,6,1
20608,1,0,74,159,2,0
85361,1,1,25,553,5,1
45109,2,0,81,138,1,0
77075,0,1,5,401,12,1
85602,1,1,8,621,10,1
33777,0,1,81,64,1,0
35681,0,1,43,55,3,0
27727,2,2,47,146,3,0
79126,1,2,15,443,13,1
75096,1,1,29,519,9,1
51627,2,0,90,102,0,0
40875,2,1,46,179,1,0
38461,0,0,88,114,0,0
40925,0,2,99,191,0,0
84287,0,2,23,539,7,1
68630,0,0,19,488,9,1
44106,2,2,38,44,1,0
80852,0,1,25,366,11,1
48429,2,2,53,87,3,0
80483,1,1,14,495,5,1
36274,0,1,71,21,4,0
82608,1,2,5,478,10,1
57064,0,1,42,103,3,0
29642,1,1,43,84,0,0
29327,0,0,41,35,1,0
45303,1,1,82,95,0,0
53447,0,1,19,752,10,1
81706,1,0,26,336,10,1
56595,0,1,1,609,8,1
64549,0,2,21,405,5,1
65352,0,1,22,333,12,1
76628,1,0,20,474,9,1
58318,1,0,18,561,14,1
35556,0,2,63,89,1,0
60217,0,2,21,575,13,1
45189,2,1,58,111,0,0
31702,2,2,38,66,4,0
70780,0,2,16,400,14,1
64734,2,0,27,538,8,1
38823,0,0,78,94,0,0
46043,1,0,98,129,0,0
29064,2,1,90,80,2,0
41583,2,0,59,0,1,0
50645,0,1,17,445,5,1
67318,0,1,16,487,5,1
61940,1,0,0,452,11,1
76666,1,0,15,780,7,1
81677,1,2,14,517,14,1
39851,2,1,76,93,4,0
84954,2,1,23,520,11,1
51121,0,0,32,68,1,0
80863,1,1,26,602,9,1
40692,2,1,84,138,2,0
69046,0,1,13,453,5,1
52789,1,2,7,577,8,1
63625,1,1,14,540,13,1
71264,0,2,13,437,10,1
38823,1,1,79,109,3,0
77728,1,1,24,521,7,1
43654,2,2,73,130,4,0
78985,2,1,14,662,8,1
69491,0,0,12,460,12,1
48396,1,0,36,60,4,0
45821,2,1,32,69,3,0
83142,0,2,20,628,8,1
54381,2,1,64,50,4,0
74136,1,2,0,382,9,1
41858,0,1,59,57,0,0
58445,2,0,14,621,6,1
42707,0,2,64,168,3,0
49573,0,2,89,153,4,0
28732,2,2,52,124,1,0
34252,2,1,80,101,4,0
38663,0,2,50,115,3,0
31347,0,2,37,136,3,0
36632,0,0,80,58,4,0
51005,1,2,31,104,4,0
48405,1,1,74,6,1,0
38088,0,0,52,80,4,0
36584,0,1,47,33,3,0
77497,1,2,28,547,6,1
78942,1,0,20,373,8,1
56602,2,2,81,112,1,0
61460,1,0,5,352,9,1
32068,0,0,45,161,4,0
80599,0,2,13,548,5,1
39722,0,1,31,43,0,0
25273,0,0,56,104,1,0
66733,0,0,21,388,10,1
85360,2,2,25,623,10,1
37205,1,0,78,13,3,0
62797,2,0,0,546,8,1
29244,2,2,72,50,2,0
46015,1,1,46,101,2,0
40111,1,1,50,59,2,0
65513,0,1,5,559,9,1
67722,2,2,24,437,6,1
91209,1,2,12,449,8,1
26761,1,1,64,90,4,0
33815,2,2,62,19,1,0
36479,0,1,99,56,4,0
36314,1,1,43,95,2,0
23666,2,2,31,66,4,0
35859,0,1,72,99,2,0
47780,0,1,97,79,3,0
57161,1,1,40,35,1,0
42421,1,0,43,58,1,0
38126,1,0,40,100,1,0
72680,1,1,6,621,5,1
71423,2,1,1,445,6,1
69692,2,2,18,363,12,1
36575,0,2,55,74,1,0
32013,1,2,98,83,3,0
30967,1,0,42,162,2,0
60930,0,0,10,500,8,1
54861,2,2,27,372,7,1
65160,0,0,19,483,10,1
69608,2,2,19,457,6,1
52756,1,1,69,9,3,0
46635,1,1,69,90,4,0
42592,2,2,96,153,2,0
49512,2,1,58,16,4,0
86056,2,1,29,538,12,1
61094,0,1,6,311,12,1
33857,2,0,31,164,4,0
42919,1,0,72,13,2,0
51074,0,1,36,149,3,0
73056,1,1,23,484,12,1
79458,0,1,5,457,5,1
34551,1,0,30,72,4,0
49902,2,1,46,76,1,0
64474,0,1,0,642,13,1
59440,1,0,15,726,7,1
28701,0,1,76,87,3,0
30222,2,1,90,77,2,0
30233,2,0,46,97,0,0
70022,1,2,14,317,8,1
33893,0,2,88,106,4,0
69600,2,1,7,489,12,1
48589,0,2,71,131,4,0
58689,1,2,16,380,9,1
73209,0,2,16,336,7,1
36923,1,1,37,199,2,0
65461,0,1,23,633,14,1
62597,0,0,3,635,14,1
37323,2,2,58,158,4,0
44478,1,0,92,43,1,0
37993,1,2,67,88,4,0
62681,1,1,1,610,9,1
42344,2,0,67,45,3,0
47824,1,1,6,366,7,1
35910,1,2,35,115,3,0
62198,1,2,14,367,11,1
19568,0,0,52,100,4,0
37187,2,2,57,36,4,0
79778,1,0,25,553,13,1
94412,2,1,24,600,10,1
74224,1,1,27,638,7,1
77410,1,2,20,366,11,1
35469,1,2,33,54,0,0
79956,0,1,13,546,13,1
55394,1,2,21,529,5,1
46286,0,2,55,94,2,0
71052,1,2,17,307,5,1
36427,2,2,41,156,4,0
45609,1,0,52,77,1,0
38022,0,2,84,227,0,0
38520,0,1,89,119,1,0
33809,2,2,77,97,4,0
45005,0,2,80,51,3,0
35518,0,1,84,126,1,0
80729,2,0,4,492,5,1
71478,2,1,2,474,6,1
46173,1,0,53,60,4,0
69288,0,2,28,503,14,1
64408,2,2,0,293,10,1
66155,1,2,25,441,11,1
42772,2,0,33,90,4,0
72354,2,1,22,538,13,1
63582,1,1,29,543,11,1
31881,1,1,67,66,0,0
31897,2,0,45,14,0,0
81644,2,1,10,356,7,1
44616,2,2,95,101,4,0
41584,1,2,77,114,3,0
71139,2,1,14,555,5,1
78533,2,0,26,539,7,1
67842,2,2,3,690,14,1
43581,2,2,63,58,3,0
60883,0,0,14,391,12,1
45452,1,2,46,0,2,0
48711,2,0,75,163,0,0
72722,0,2,22,629,11,1
61851,2,0,14,550,13,1
70297,0,1,28,466,13,1
57068,1,2,20,541,7,1
64447,0,1,22,507,11,1
67532,0,1,28,427,13,1
68358,2,1,6,422,8,1
47069,0,2,69,0,3,0
35393,1,0,98,106,2,0
39342,0,1,88,83,3,0
54969,0,0,6,557,13,1
29639,0,1,74,164,2,0
65411,2,1,18,440,13,1
33317,0,0,37,82,4,0
47854,2,1,81,121,0,0
47422,2,1,97,55,1,0
51662,1,2,14,606,9,1
91966,0,0,0,472,12,1
84980,2,0,13,426,10,1
34655,0,0,53,159,3,0
67296,0,1,19,654,9,1
63048,2,1,13,313,7,1
32202,0,2,69,79,2,0
69114,1,1,17,654,9,1
42741,0,0,36,67,2,0
64963,1,1,2,504,13,1
41790,2,2,68,9,1,0
77769,0,2,13,348,5,1
59339,1,1,1,416,13,1
80752,1,1,19,532,13,1
40040,2,0,97,93,0,0
75422,2,2,5,402,11,1
70077,1,2,25,636,11,1
48259,0,2,73,75,0,0
33581,1,1,36,43,3,0
34789,2,2,50,37,3,0
29625,1,1,45,77,3,0
76149,2,1,29,548,11,1
36325,0,1,54,153,4,0
38993,0,1,43,120,2,0
70578,0,1,24,391,10,1
91216,1,2,21,431,5,1
59435,1,1,21,524,11,1
40375,0,0,77,31,3,0
53136,1,1,93,85,2,0
74119,1,2,6,332,5,1
86505,2,2,17,690,11,1
70342,2,1,4,479,14,1
76082,0,1,20,536,14,1
32114,0,2,73,99,1,0
73143,2,2,19,518,6,1
38847,0,1,81,94,3,0
75161,2,1,29,479,5,1
60215,1,2,47,121,2,0
82778,0,0,26,558,6,1
50763,2,0,35,157,2,0
66467,0,0,9,327,9,1
41499,0,1,8,556,14,1
65448,2,0,0,278,14,1
14069,1,2,94,137,2,0
75682,0,0,1,457,12,1
43927,0,1,60,53,3,0
82497,0,2,13,368,5,1
52739,2,0,23,593,5,1
61023,2,0,21,590,7,1
63667,0,2,4,528,8,1
37313,2,1,78,81,2,0
66940,1,1,13,455,7,1
79943,1,2,22,416,14,1
67253,1,0,11,426,5,1
64448,2,2,17,499,6,1
53497,2,0,76,146,2,0
59253,1,2,28,497,7,1
89920,0,1,19,654,6,1
30104,0,1,83,116,1,0
46215,1,2,6,422,5,1
56279,1,2,23,425,11,1
32921,0,2,85,0,3,0
65685,0,0,16,521,12,1
51880,2,0,15,593,5,1
38845,2,2,68,119,2,0
71869,1,1,11,472,5,1
59474,1,2,21,387,7,1
43785,2,1,86,79,4,0
28479,0,2,41,65,2,0
25770,1,2,38,207,1,0
69327,1,2,8,482,10,1
69649,2,0,6,456,5,1
41229,0,2,63,161,3,0
74000,1,2,13,531,13,1
46796,2,1,72,81,3,0
39720,2,0,49,30,2,0
27244,2,0,68,61,1,0
51222,1,2,75,169,3,0
48664,2,2,74,166,1,0
41873,1,1,68,161,1,0
79316,0,0,13,549,14,1
45879,1,2,87,40,2,0
64563,0,2,8,503,14,1
70087,1,1,12,508,10,1
66226,0,2,23,643,10,1
63927,2,2,26,507,9,1
90777,0,2,19,490,6,1
29415,2,0,35,51,3,0
75182,1,0,17,763,12,1
46210,0,2,27,473,7,1
74371,2,0,25,348,12,1
51364,1,0,67,8,3,0
77769,2,1,14,486,5,1
81788,0,2,12,600,9,1
53352,2,0,45,107,3,0
38893,2,0,54,136,0,0
68823,0,1,2,284,6,1
47392,0,0,85,108,4,0
73333,1,0,19,531,9,1
59943,0,2,97,70,4,0
55560,0,0,19,526,12,1
56007,0,2,19,427,5,1
61902,2,0,8,622,10,1
56988,0,0,5,347,9,1
49515,0,2,77,90,3,0
72381,2,1,19,449,5,1
69189,0,1,26,449,10,1
66910,1,2,10,585,5,1
35652,2,0,47,88,4,0
43914,2,1,71,156,2,0
43352,0,1,71,78,0,0
37517,2,1,76,124,3,0
38152,2,2,71,112,1,0
38663,1,0,84,88,1,0
36500,0,1,98,112,2,0
53571,1,2,49,112,1,0
45664,1,1,78,1,0,0
70223,0,1,6,729,13,1
46725,1,0,83,131,3,0
77132,0,0,25,487,5,1
95988,0,2,19,617,8,1
40225,1,0,34,31,3,0
31624,0,2,30,114,3,0
37418,2,2,91,209,4,0
72449,2,1,8,599,11,1
56492,0,1,65,164,4,0
83421,1,2,28,664,13,1
69982,2,2,7,368,13,1
68204,2,1,7,667,8,1
35387,0,2,41,123,1,0
67119,0,0,19,478,6,1
65850,1,0,29,498,14,1
87839,2,2,21,434,5,1
43166,1,0,97,191,1,0
48425,2,2,90,65,0,0
60599,1,1,0,620,6,1
69488,1,2,3,464,7,1
74096,1,1,8,484,10,1
71514,2,1,17,533,8,1
56668,2,2,2,560,11,1
72875,0,2,9,529,8,1
66243,2,1,6,343,12,1
27435,0,1,50,2,4,0
77597,2,0,5,371,7,1
37035,0,2,58,86,4,0
46685,0,2,77,120,3,0
48760,2,1,22,536,14,1
82855,1,1,18,733,12,1
68167,1,0,14,647,5,1
56870,1,0,13,420,5,1
61491,1,1,15,353,9,1
84436,2,1,26,520,8,1
28291,1,0,66,67,4,0
44182,1,0,80,121,1,0
37391,0,1,48,66,0,0
64075,2,1,1,439,8,1
54367,2,1,61,145,1,0
41797,1,2,90,20,3,0
69225,2,0,29,517,9,1
41795,1,0,92,57,0,0
44120,1,0,85,72,3,0
29438,1,1,58,83,3,0
73137,1,2,5,479,7,1
38584,1,1,63,56,1,0
50830,2,1,33,99,0,0
55121,0,1,4,566,10,1
65952,2,1,13,389,7,1
44908,0,1,57,14,1,0
80400,2,2,26,261,9,1
47460,1,2,69,100,2,0
84190,1,1,5,691,6,1
45141,0,2,75,129,2,0
57307,2,2,25,398,12,1
75445,1,2,29,432,10,1
83094,2,1,0,587,12,1
61036,1,2,27,539,10,1
72451,2,0,20,568,11,1
36524,1,0,79,74,1,0
52295,2,0,28,590,7,1
76098,0,2,7,628,6,1
28811,0,2,73,85,3,0
44965,0,2,73,133,3,0
77025,2,2,23,382,5,1
42862,1,0,99,138,0,0
71829,0,2,0,608,13,1
83746,2,0,12,586,6,1
80380,0,1,23,434,12,1
62710,1,2,6,491,9,1
57518,1,1,33,80,4,0
58658,2,1,14,536,10,1
49434,0,2,73,63,2,0
76844,2,1,4,429,6,1
43935,1,0,57,85,4,0
57144,2,0,18,481,11,1
62128,1,2,28,613,5,1
28883,2,1,35,116,1,0
56048,0,0,78,203,4,0
80152,0,1,25,518,13,1
60512,1,0,13,537,12,1
34888,0,1,73,49,0,0
32533,2,2,82,136,2,0
80835,1,0,22,477,13,1
46500,2,0,99,62,0,0
83663,0,2,29,599,5,1
41439,2,1,99,58,2,0
40618,2,2,74,41,2,0
33533,1,2,30,115,2,0
68823,0,1,0,557,8,1
39231,1,2,85,100,0,0
60845,2,1,28,381,9,1
41661,0,0,76,141,2,0
27547,1,2,81,23,0,0
39868,1,1,90,66,0,0
37428,1,2,40,112,3,0
75413,2,0,11,660,9,1
54430,2,0,13,481,14,1
34788,2,2,50,88,2,0
41133,2,1,80,75,1,0
33657,2,1,54,70,3,0
28115,2,1,91,83,0,0
68159,0,0,1,461,14,1
37751,0,1,55,170,4,0
67942,1,0,19,469,11,1
44486,1,0,65,125,4,0
46296,1,1,71,114,1,0
60759,0,0,0,557,14,1
63572,2,2,27,502,6,1
59242,2,1,16,492,11,1
34365,1,0,93,78,0,0
84311,2,1,24,264,11,1
42630,0,2,41,82,2,0
78507,0,2,3,653,10,1
35410,2,1,93,131,3,0
63343,2,0,22,594,7,1
65861,0,1,21,609,14,1
82106,1,1,28,717,10,1
46580,2,2,72,225,4,0
27438,1,2,32,77,4,0
65574,2,1,2,655,14,1
32900,1,2,46,80,4,0
43679,2,1,72,78,2,0
58792,2,0,10,392,12,1
32215,0,2,87,18,2,0
74448,1,0,5,468,11,1
73350,0,2,11,468,7,1
76249,1,2,18,431,13,1
39082,1,0,69,24,2,0
43481,0,1,15,368,7,1
67455,1,0,25,680,7,1
46055,2,0,76,63,4,0
54141,1,0,14,441,13,1
37677,1,0,83,35,0,0
63389,1,0,21,520,6,1
70799,1,2,21,618,12,1
66145,1,2,7,494,14,1
18424,0,2,83,58,2,0
77674,0,2,18,518,5,1
65396,0,2,8,419,6,1
32768,2,0,60,43,1,0
64449,0,2,22,392,8,1
46968,0,2,85,119,4,0
75989,0,2,27,378,14,1
27881,1,1,44,92,2,0
57555,0,2,28,414,10,1
24883,0,2,47,152,4,0
67297,1,1,14,591,9,1
70993,2,0,11,559,9,1
79453,0,0,24,573,13,1
37426,1,2,82,1,0,0
53159,2,1,68,65,4,0
82092,2,1,24,560,13,1
33956,0,2,47,144,4,0
66839,0,0,21,369,9,1
38193,2,0,71,121,2,0
30416,0,2,43,231,2,0
32082,2,1,50,68,4,0
80522,0,0,20,541,12,1
48938,0,0,52,53,1,0
49981,0,1,86,48,2,0
76700,1,0,18,500,12,1
67153,1,1,16,598,6,1
70584,0,2,3,447,10,1
71954,1,2,14,554,6,1
54499,0,0,30,159,0,0
70335,0,2,0,475,13,1
27594,0,2,41,146,3,0
75704,0,1,21,332,10,1
47253,1,2,7,685,13,1
53815,2,2,91,64,1,0
39902,2,2,82,198,1,0
44551,0,0,73,145,2,0
44913,0,2,74,210,4,0
88197,1,1,25,482,13,1
65008,0,0,3,525,12,1
39354,1,0,55,148,0,0
42570,1,2,73,148,0,0
40654,2,0,48,120,1,0
41623,1,2,56,125,1,0
